player,player_id,position,team_name,player_game_count,accuracy_percent,aimed_passes,attempts,avg_depth_of_target,avg_time_to_throw,bats,big_time_throws,btt_rate,completion_percent,completions,declined_penalties,def_gen_pressures,drop_rate,dropbacks,drops,first_downs,franchise_id,grades_hands_fumble,grades_offense,grades_pass,grades_run,hit_as_threw,interceptions,passing_snaps,penalties,pressure_to_sack_rate,qb_rating,sack_percent,sacks,scrambles,spikes,thrown_aways,touchdowns,turnover_worthy_plays,twp_rate,yards,ypa
Luke Falk,46586,QB,WASH STATE,11,79.4,569,595,6.4,2.54,1,30,4.9,70.1,417,0,139,7.7,657,35,224,341,52.2,81.8,84.0,43.9,8,8,675,5,25.2,105.0,5.3,35,27,3,14,36,25,3.7,4280,7.2
Patrick Mahomes,11765,QB,TEXAS TECH,12,75.4,492,521,8.3,2.81,4,26,4.8,64.5,336,0,186,9.4,581,35,201,315,59.5,80.0,75.8,73.0,3,14,608,5,10.2,99.2,3.3,19,41,2,20,32,22,3.6,4263,8.2
Matt Johnson,11111,QB,BOWL GREEN,12,77.1,462,495,10.1,2.57,8,35,6.7,68.5,339,0,141,4.8,550,17,207,122,67.1,91.4,91.5,61.7,0,6,580,4,24.1,119.2,6.2,34,21,0,25,41,15,2.6,4450,9.0
Jared Goff,10635,QB,CAL,12,74.0,466,494,10.1,2.51,5,29,5.5,63.6,314,0,161,9.0,542,31,204,130,63.6,91.1,90.0,75.3,3,13,577,5,15.5,105.0,4.6,25,23,2,18,37,24,4.2,4259,8.6
Mike Bercovici,10986,QB,ARIZONA ST,12,72.9,450,483,8.6,2.5,6,19,3.8,60.2,291,0,160,11.3,533,37,169,110,42.8,75.3,77.4,50.9,6,9,550,2,23.8,93.1,7.1,38,12,0,21,27,22,4.0,3467,7.2
Wes Lunt,12050,QB,ILLINOIS,12,69.4,448,481,7.1,2.35,5,14,2.8,55.9,269,0,150,13.5,503,42,141,187,57.7,67.7,68.0,37.6,1,6,526,2,13.3,77.0,4.0,20,2,1,26,14,13,2.5,2754,5.7
Blake Frohnapfel,19699,QB,UMASS,12,65.8,445,479,9.6,2.64,9,22,4.4,55.5,266,1,157,9.2,539,27,149,216,65.1,53.8,52.9,58.3,5,13,565,4,17.2,73.4,5.0,27,33,2,18,16,28,5.0,2894,6.0
Cooper Rush,12324,QB,C MICHIGAN,12,74.1,437,465,8.4,2.64,9,30,6.1,66.2,308,0,183,4.9,512,16,183,134,63.5,85.0,85.1,56.3,4,10,541,2,13.7,99.4,4.9,25,22,1,14,25,25,4.6,3695,7.9
Nick Arbuckle,16351,QB,GA STATE,12,77.2,426,458,9.8,2.49,6,41,8.4,64.0,293,0,162,10.9,498,36,177,175,75.4,90.7,90.2,67.4,1,11,529,5,16.7,102.0,5.4,27,13,0,25,26,15,2.8,4147,9.1
Nick Mullens,12282,QB,SO MISS,12,77.6,407,454,9.3,2.47,17,26,5.4,64.1,291,0,157,7.9,474,25,174,296,63.6,91.1,90.9,55.9,10,9,500,4,9.6,109.3,3.2,15,5,0,20,35,13,2.6,3961,8.7
Joe Licata,11390,QB,BUFFALO,12,70.9,422,451,8.8,2.42,6,19,4.0,62.1,280,0,138,6.4,471,19,151,126,62.1,74.4,72.3,64.2,7,15,499,2,10.9,79.2,3.2,15,5,0,16,16,22,4.4,2969,6.6
Josh Rosen,35460,QB,UCLA,12,69.7,412,450,9.6,2.65,11,27,5.7,59.1,266,0,168,7.3,476,21,156,324,57.6,81.8,78.3,75.4,1,9,503,3,8.3,88.9,2.9,14,12,1,25,20,28,5.6,3352,7.4
Brent Stockstill,29288,QB,MIDDLE TN,12,74.3,432,450,7.2,2.27,8,31,6.7,66.4,299,0,114,6.9,477,22,163,224,35.5,85.0,85.2,54.8,0,8,493,0,13.2,103.9,3.1,15,12,1,9,27,20,4.1,3659,8.1
Brandon Doughty,10857,QB,W KENTUCKY,12,82.4,427,448,7.8,2.36,5,22,4.7,71.9,322,0,128,8.5,464,30,196,346,49.9,91.8,91.4,48.2,4,6,483,1,10.2,126.5,2.8,13,3,0,12,42,11,2.3,4172,9.3
Dane Evans,46560,QB,TULSA,12,71.6,419,445,11.7,2.39,10,34,7.1,62.2,277,0,102,7.7,505,23,167,320,43.0,87.4,89.3,48.2,2,8,543,1,34.3,99.9,6.9,35,25,2,12,22,25,4.6,3945,8.9
Dak Prescott,10769,QB,MISS STATE,12,75.8,418,437,7.9,2.61,5,17,3.8,66.6,291,0,164,8.2,483,26,168,227,60.3,75.5,72.3,69.4,5,4,497,2,18.3,105.4,6.2,30,16,2,7,25,22,4.4,3419,7.8
Chad Kelly,12008,QB,OLE MISS,12,75.7,399,427,9.3,2.29,20,31,6.9,64.9,277,0,151,8.3,467,25,173,226,41.7,84.6,80.6,75.2,4,12,490,3,11.9,101.9,3.9,18,22,0,4,27,21,4.3,3734,8.7
Alex McGough,46420,QB,FIU,12,76.5,400,420,6.4,2.49,7,15,3.4,63.8,268,0,144,12.4,472,38,128,166,27.8,70.8,74.3,47.5,2,8,491,3,18.1,90.9,5.5,26,26,0,11,21,23,4.7,2709,6.5
Jeff Driskel,10841,QB,LA TECH,12,70.9,392,412,11.0,2.45,4,27,6.3,61.9,255,0,133,8.3,451,23,167,208,70.3,82.2,81.3,66.4,1,8,471,4,14.3,101.3,4.2,19,20,2,13,24,14,3.0,3589,8.7
Paxton Lynch,10660,QB,MEMPHIS,12,79.2,389,406,7.9,2.53,3,15,3.6,69.2,281,1,129,8.8,438,27,179,218,77.0,89.8,86.7,72.7,1,3,451,2,10.9,117.5,3.2,14,18,0,13,28,11,2.5,3682,9.1
Matt Johns,24210,QB,VIRGINIA,12,70.1,378,404,8.5,2.74,4,17,4.0,60.9,246,0,156,7.2,456,19,151,335,53.6,58.7,58.8,58.5,0,17,481,8,12.2,79.5,4.2,19,33,0,22,19,31,6.5,2770,6.9
Mason Rudolph,46569,QB,OKLA STATE,12,71.3,383,397,11.8,2.47,3,38,9.2,62.0,246,0,117,9.9,443,27,164,262,60.6,91.3,91.9,44.5,2,9,458,3,22.2,99.6,5.9,26,20,0,9,21,17,3.7,3593,9.1
Trevone Boykin,11279,QB,TCU,11,73.3,386,397,11.0,2.76,2,26,6.2,64.7,257,0,92,9.2,447,26,178,305,69.0,90.1,90.7,61.6,1,10,474,3,10.9,109.1,2.2,10,40,1,7,31,21,4.4,3580,9.0
Matt Linehan,46436,QB,IDAHO,11,73.8,366,393,9.1,2.67,6,24,5.9,63.1,248,0,137,8.1,459,22,150,185,62.6,86.4,84.4,68.2,0,11,476,1,19.0,88.3,5.7,26,40,1,20,16,16,3.4,2989,7.6
Brett Rypien,46487,QB,BOISE ST,10,75.7,366,393,9.0,2.35,7,17,4.2,61.8,243,0,106,12.3,421,34,143,120,45.5,79.1,78.0,57.1,5,7,440,0,17.0,92.3,4.3,18,9,2,13,17,15,3.4,2989,7.6
Riley Neal,35543,QB,BALL ST,11,67.5,366,391,8.6,2.68,6,15,3.6,58.3,228,0,118,7.7,425,19,112,117,58.0,66.6,63.5,66.4,1,6,445,1,10.2,82.2,2.8,12,22,0,18,16,26,5.8,2277,5.8
Tanner Mangum,34607,QB,BYU,12,73.5,359,391,12.5,2.89,6,14,3.3,61.9,242,0,123,8.3,436,22,137,128,47.6,73.8,75.3,44.8,4,7,470,3,22.0,96.8,6.2,27,18,2,20,21,15,3.2,3069,7.8
Thomas Sirk,22589,QB,DUKE,11,69.0,368,390,8.4,2.18,10,12,2.9,60.0,234,0,82,7.9,414,20,134,154,71.5,70.2,71.7,58.5,6,6,444,0,14.6,84.7,2.9,12,12,0,6,15,12,2.7,2453,6.3
Tommy Armstrong Jr.,46589,QB,NEBRASKA,11,63.1,371,385,11.5,2.9,7,29,7.1,54.5,210,0,149,10.3,417,24,143,238,71.3,69.9,65.4,68.6,0,16,444,2,6.0,79.3,2.2,9,23,0,7,21,21,4.7,2853,7.4
Tyler Jones,46534,QB,TEXAS ST,12,74.7,344,381,8.2,2.55,4,8,2.0,58.3,222,0,130,13.6,419,35,122,314,68.9,64.7,66.6,55.3,5,10,436,0,14.6,78.3,4.5,19,19,1,27,13,20,4.6,2490,6.5
Mitch Leidner,46437,QB,MINNESOTA,12,67.2,360,380,8.9,2.42,4,21,5.3,57.4,218,0,141,9.9,411,24,123,225,47.0,56.4,57.9,50.9,6,10,431,5,9.2,78.3,3.2,13,18,1,9,14,24,5.6,2474,6.5
Blake Kemp,22575,QB,E CAROLINA,11,76.9,363,380,7.0,2.19,1,14,3.6,68.4,260,0,82,6.8,395,19,136,156,50.8,80.9,80.6,59.9,4,10,407,5,13.4,91.1,2.8,11,4,2,10,16,17,4.2,2634,6.9
Cody Kessler,10727,QB,USC,12,78.9,350,377,8.0,2.81,4,14,3.5,68.4,258,0,153,6.5,420,18,143,326,70.5,85.2,82.4,66.2,5,6,445,1,20.3,110.9,7.4,31,12,0,18,27,5,1.1,3129,8.3
Phillip Ely,19653,QB,TOLEDO,11,67.1,359,374,10.2,2.33,7,31,7.9,54.8,205,0,84,14.9,393,36,136,316,30.9,76.1,79.2,34.8,1,10,412,4,8.3,84.3,1.8,7,12,0,7,20,20,4.9,2684,7.2
Deshaun Watson,11767,QB,CLEMSON,12,78.9,356,374,8.2,2.25,8,28,7.1,70.1,262,0,97,6.8,423,19,167,140,81.3,85.5,84.5,68.9,2,10,446,2,11.3,109.4,2.6,11,38,2,6,27,13,2.9,3231,8.6
Jacoby Brissett,10725,QB,NC STATE,12,72.0,339,369,8.8,2.93,5,17,4.5,61.0,225,0,143,7.8,431,19,129,248,52.8,70.7,69.6,62.8,3,4,443,1,22.4,93.1,7.4,32,29,2,20,19,13,2.9,2443,6.6
Zach Terrell,12086,QB,W MICHIGAN,12,77.1,345,367,8.4,2.78,3,21,5.4,66.2,243,0,159,8.6,417,23,156,347,67.8,90.9,90.6,65.5,6,8,439,2,18.2,109.4,7.0,29,21,2,11,27,13,3.0,3234,8.8
Nate Sudfeld,10821,QB,INDIANA,11,72.2,342,362,10.0,2.64,4,23,6.1,60.5,219,0,91,11.3,385,28,148,190,45.4,81.1,83.4,45.9,4,5,399,1,13.2,105.5,3.1,12,11,0,12,24,17,4.3,3183,8.8
Brad Kaaya,11970,QB,MIAMI FL,11,70.5,336,360,9.9,2.5,6,18,4.8,61.4,221,0,125,6.8,375,16,133,220,38.2,80.1,81.1,43.1,5,4,393,2,9.6,97.5,3.2,12,3,1,12,15,16,4.1,3023,8.4
Jake Rudock,10825,QB,MICHIGAN,12,76.2,328,359,8.2,2.78,10,10,2.7,64.1,230,0,152,8.0,407,20,145,222,58.0,68.2,67.5,58.4,8,9,429,1,12.5,93.5,4.7,19,29,0,13,18,16,3.7,2739,7.6
Baker Mayfield,46518,QB,OKLAHOMA,12,78.4,342,356,8.8,2.92,2,25,6.7,68.3,243,0,145,9.3,437,25,175,261,59.0,92.3,92.4,67.9,0,5,455,1,24.1,125.5,8.0,35,46,1,11,35,8,1.8,3388,9.5
Skyler Howard,12262,QB,W VIRGINIA,12,65.7,332,352,13.3,2.82,7,22,5.9,54.3,191,0,122,12.4,415,27,129,343,73.3,71.0,68.8,64.4,2,12,439,2,22.1,83.9,6.5,27,36,1,10,21,15,3.4,2612,7.4
Chase Litton,34874,QB,MARSHALL,10,67.0,336,350,9.7,2.49,3,20,5.5,59.1,207,0,107,8.0,384,18,124,214,44.4,72.5,75.8,40.2,0,7,402,0,15.0,92.4,4.2,16,18,1,10,22,18,4.5,2388,6.8
Brogan Roback,25079,QB,E MICHIGAN,12,71.0,328,350,7.9,2.72,2,19,5.2,61.4,215,0,125,7.7,381,18,121,160,59.0,64.5,64.2,56.3,3,11,400,0,12.0,83.1,3.9,15,16,0,17,16,24,6.0,2322,6.6
P.J. Walker,12134,QB,TEMPLE,12,69.2,334,348,9.5,2.53,6,19,5.0,56.9,198,0,126,14.3,382,33,121,306,30.9,69.7,68.5,59.0,1,6,414,3,12.7,89.0,4.2,16,18,0,7,18,22,5.3,2461,7.1
Christian Hackenberg,10685,QB,PENN STATE,12,63.8,329,348,9.3,2.55,8,12,3.3,52.9,184,0,163,12.4,405,26,99,266,52.0,60.1,59.4,56.0,2,5,426,3,22.7,84.0,9.1,37,20,0,9,16,12,2.8,2384,6.9
Sefo Liufau,12064,QB,COLORADO,11,74.1,309,348,8.3,2.94,3,17,4.7,61.5,214,0,159,6.6,409,15,122,143,69.4,75.9,74.8,62.1,7,6,425,0,15.7,83.9,6.1,25,36,2,27,9,5,1.2,2433,7.0
Joel Stave,10985,QB,WISCONSIN,12,70.0,330,344,9.8,2.5,4,18,5.0,60.2,207,0,127,10.4,372,24,135,349,50.6,80.0,77.8,69.5,6,11,390,2,17.3,78.6,5.9,22,6,1,3,10,20,5.1,2481,7.2
Brandon Allen,10835,QB,ARKANSAS,12,73.6,318,344,9.6,2.97,5,23,6.5,65.1,224,0,126,4.3,377,10,161,111,52.0,88.0,90.0,54.7,5,7,387,5,10.3,113.7,3.4,13,20,0,16,29,15,3.9,3112,9.0
Matt Davis,46456,QB,SMU,12,65.4,312,340,12.0,3.07,5,21,5.7,54.1,184,0,173,9.8,430,20,123,287,41.9,74.0,63.7,78.9,3,7,464,0,23.7,82.0,9.5,41,49,3,17,16,23,5.0,2258,6.6
Connor Cook,10734,QB,MICH STATE,11,68.4,320,339,11.7,2.65,7,31,8.7,57.2,194,0,113,11.4,358,25,140,223,68.3,88.7,89.7,55.9,4,4,377,2,9.7,102.0,3.1,11,8,0,8,24,14,3.7,2729,8.1
Garrett Smith,46568,QB,LA MONROE,10,68.4,316,336,7.8,2.46,11,16,4.6,56.8,191,0,129,11.6,393,25,104,209,42.9,66.8,68.9,54.5,3,11,403,1,22.5,77.9,7.4,29,28,0,6,17,18,4.5,2034,6.1
Jake Browning,46401,QB,WASHINGTON,11,74.3,311,336,9.5,2.66,9,18,5.2,62.5,210,0,125,9.1,388,21,136,340,57.8,79.5,77.4,66.8,1,10,401,1,24.0,90.8,7.7,30,22,1,14,16,18,4.5,2671,7.9
Brandon Silvers,46483,QB,TROY,11,74.6,307,330,7.6,2.17,7,12,3.5,61.2,202,0,61,11.8,349,27,111,318,64.4,68.7,68.2,60.4,6,7,366,2,18.0,94.5,3.2,11,8,0,10,20,13,3.6,2376,7.2
Patrick Towles,46478,QB,KENTUCKY,11,69.4,307,328,10.1,2.7,2,18,5.2,55.8,183,0,113,14.1,381,30,102,202,75.2,63.0,61.6,60.0,2,14,406,0,23.9,67.3,7.1,27,26,1,16,9,20,4.9,2150,6.6
Cody Clements,17292,QB,S ALABAMA,12,65.4,312,327,11.3,2.53,4,20,5.8,52.3,171,0,123,16.2,386,33,104,288,44.6,59.4,58.7,57.3,3,15,407,5,18.7,68.9,6.0,23,36,1,7,13,24,5.9,2281,7.0
Joshua Dobbs,11890,QB,TENNESSEE,12,70.8,295,323,7.7,2.74,8,11,3.3,59.8,193,0,117,7.7,370,16,125,307,43.2,72.5,64.5,73.4,4,5,382,2,16.2,88.6,5.1,19,28,1,15,15,20,5.2,2146,6.6
Driphus Jackson,19062,QB,RICE,12,69.5,302,320,11.3,2.87,2,13,3.9,57.5,184,0,116,12.4,389,26,129,275,29.2,75.0,75.0,61.7,0,7,404,3,29.3,90.2,8.7,34,35,3,13,18,13,3.2,2345,7.3
Tyler Stewart,46474,QB,NEVADA,12,67.8,301,317,9.8,2.84,1,17,5.1,56.8,180,0,100,11.8,350,24,118,239,59.3,76.8,73.4,69.1,3,7,367,2,21.0,83.3,6.0,21,12,1,11,15,12,3.3,2078,6.6
Gunner Kiel,24708,QB,CINCINNATI,10,73.3,303,317,10.8,2.44,4,22,6.5,65.0,206,0,69,7.2,329,16,135,138,41.2,87.0,89.5,45.4,5,11,352,3,11.6,98.2,2.4,8,4,0,5,19,13,3.7,2770,8.7
Ryan Willis,60594,QB,KANSAS,10,67.1,280,316,9.6,2.42,12,12,3.7,51.3,162,0,131,13.8,367,26,82,198,31.3,51.4,50.8,54.4,6,10,380,2,23.7,63.5,8.4,31,20,2,16,9,24,6.3,1699,5.4
Anu Solomon,46599,QB,ARIZONA,10,72.8,290,313,10.1,2.62,2,18,5.5,61.3,192,0,102,9.0,347,19,117,109,26.3,83.3,84.1,56.9,2,4,364,0,18.6,98.3,5.5,19,15,2,17,18,8,2.2,2350,7.5
Chris Laviano,46398,QB,RUTGERS,12,70.8,284,313,8.1,2.74,1,9,2.8,59.7,187,0,149,7.0,366,14,120,278,56.4,59.5,62.1,42.4,2,12,381,2,15.4,82.7,6.3,23,30,3,23,16,17,4.5,2236,7.1
Jake Coker,10951,QB,ALABAMA,12,75.7,292,312,7.9,2.72,4,12,3.6,65.4,204,0,114,7.7,353,17,112,103,64.8,74.4,72.2,66.1,3,8,372,2,14.0,92.5,4.5,16,25,0,13,15,13,3.5,2287,7.3
Nick Stevens,46468,QB,COLO STATE,12,68.7,294,307,10.1,2.4,3,19,5.9,61.9,190,0,77,5.9,328,12,123,144,59.4,73.2,72.3,57.7,4,12,348,0,15.6,92.4,3.7,12,9,0,6,21,22,6.3,2376,7.7
C.J. Beathard,11859,QB,IOWA,12,69.7,277,305,9.0,2.79,8,12,3.7,60.3,184,0,143,4.7,359,9,125,192,54.4,80.2,75.8,72.7,8,3,384,4,13.3,95.8,5.3,19,35,1,11,14,9,2.3,2358,7.7
Travis Wilson,12079,QB,UTAH,11,72.7,282,301,7.5,2.68,6,12,3.8,61.8,186,0,106,9.3,351,19,101,328,47.7,65.5,62.9,63.5,2,10,373,1,19.8,82.2,6.0,21,29,0,11,13,11,3.0,2030,6.7
DeShone Kizer,11807,QB,NOTRE DAME,12,72.3,285,299,9.7,2.64,3,17,5.3,62.5,187,0,86,9.2,347,19,127,258,58.6,80.1,79.9,65.9,0,9,371,4,25.6,97.8,6.3,22,26,2,9,18,17,4.6,2588,8.7
Nathan Peterman,11926,QB,PITTSBURGH,12,73.2,272,297,9.5,2.86,2,24,7.8,61.6,183,0,124,8.0,350,16,128,268,49.8,76.7,75.7,65.4,8,5,361,3,18.5,98.1,6.6,23,30,1,14,19,22,6.1,2163,7.3
David Blough,46508,QB,PURDUE,10,66.4,277,293,9.0,2.62,5,11,3.6,57.7,169,0,122,8.2,326,15,79,273,50.2,53.2,54.2,50.5,1,8,341,0,15.6,72.5,5.8,19,14,0,10,10,20,5.9,1575,5.4
Marquise Williams,11419,QB,N CAROLINA,12,73.4,274,288,9.5,2.64,3,13,4.3,64.6,186,0,101,7.5,321,15,123,245,27.3,82.2,75.3,77.5,6,7,336,0,12.9,104.3,4.0,13,20,0,5,18,12,3.6,2606,9.0
Kyle Allen,26152,QB,TEXAS A&M,10,66.2,269,285,10.2,2.77,4,17,5.8,56.1,160,0,107,10.1,319,18,97,312,27.2,66.5,66.3,59.1,0,7,330,4,20.6,90.9,6.9,22,12,0,12,17,16,4.9,2212,7.8
Greg Ward,12258,QB,HOUSTON,12,77.9,271,284,8.5,2.87,5,13,4.5,69.0,196,0,95,7.1,353,15,133,182,56.6,86.6,78.2,78.8,1,5,363,1,24.2,107.9,6.5,23,46,0,7,16,14,3.9,2512,8.8
Thomas Woodson,26372,QB,AKRON,11,63.5,252,278,12.2,2.6,6,22,7.4,52.9,147,0,108,8.1,298,13,98,102,58.9,76.1,69.1,75.4,3,10,317,3,8.3,80.6,3.0,9,11,0,17,16,15,4.7,2017,7.3
Joe Hubener,46389,QB,KANSAS ST,12,57.3,262,276,13.8,3.05,3,18,6.1,47.8,132,0,77,12.0,316,18,87,199,57.3,58.2,57.6,58.8,2,9,340,2,26.0,67.1,6.3,20,20,1,8,9,21,6.2,1847,6.7
Tanner Lee,38321,QB,TULANE,9,64.5,256,276,10.2,2.53,4,9,3.2,51.8,143,0,103,13.3,296,22,82,319,25.5,56.8,58.5,26.4,5,7,304,1,19.4,72.4,6.8,20,0,0,11,11,21,6.9,1621,5.9
Clayton Thorson,46501,QB,NWESTERN,12,66.3,246,275,8.3,2.83,7,9,3.2,51.6,142,0,94,12.9,311,21,92,256,32.5,56.4,53.4,61.8,4,7,318,1,18.1,65.2,5.5,17,19,0,18,7,22,6.9,1466,5.3
Kevin Hogan,10796,QB,STANFORD,12,76.9,264,273,9.8,2.83,1,17,5.9,67.8,185,0,103,8.9,310,18,126,300,43.3,80.2,79.8,64.9,3,7,330,2,16.5,112.3,5.5,17,20,2,3,22,14,4.3,2462,9.0
Max Wittek,11401,QB,HAWAII,9,55.0,260,272,11.0,2.31,5,13,4.6,47.1,128,1,82,10.5,304,15,77,180,37.0,37.5,38.4,50.3,5,15,315,2,28.0,50.6,7.6,23,9,0,2,7,27,8.6,1544,5.7
Shuler Bentley,46479,QB,DOMINION,10,64.8,247,271,7.9,2.28,11,10,3.6,51.7,140,0,72,12.5,304,20,68,263,52.2,53.4,53.8,50.3,3,6,313,0,27.8,72.7,6.6,20,13,2,8,12,15,4.8,1432,5.3
Johnny McCrary,26439,QB,VANDERBILT,10,68.1,248,267,8.1,2.7,6,11,4.0,54.7,146,0,115,13.6,305,23,80,333,56.3,44.1,41.6,61.4,5,12,316,5,16.5,60.3,6.2,19,19,0,8,6,24,7.6,1530,5.7
Bryant Shirreffs,46413,QB,UCONN,11,73.7,251,265,7.6,2.87,4,10,3.6,60.4,160,0,130,13.5,367,25,108,146,28.6,59.7,61.3,57.4,3,7,382,4,25.4,84.2,9.0,33,69,1,6,9,22,5.8,2003,7.6
Drew Lock,39517,QB,MISSOURI,12,56.9,253,265,10.2,2.76,2,12,4.3,48.7,129,0,117,10.4,306,15,63,229,45.0,43.7,41.7,56.0,1,8,318,2,19.7,56.0,7.5,23,18,0,9,4,19,6.0,1331,5.0
Perry Orth,46435,QB,S CAROLINA,12,65.0,246,262,8.7,2.46,2,13,4.8,54.6,143,0,78,10.6,291,17,85,289,54.4,63.6,63.8,54.4,1,9,301,2,21.8,79.2,5.8,17,12,1,12,12,17,5.7,1931,7.4
Drew Hare,46600,QB,N ILLINOIS,9,71.8,245,256,9.2,2.37,3,19,7.2,63.7,163,0,73,7.4,298,13,98,254,40.7,78.8,81.1,60.3,1,4,307,0,27.4,98.7,6.7,20,22,0,7,14,12,3.9,1954,7.6
Brandon Harris,46538,QB,LSU,11,66.2,237,256,10.6,2.81,5,20,7.4,52.7,135,0,99,14.0,286,22,87,211,40.1,70.5,67.7,66.5,7,6,301,4,16.2,82.9,5.6,16,14,1,6,12,13,4.3,1907,7.4
Taylor Lamb,46422,QB,APP STATE,12,70.5,237,255,11.2,2.74,1,21,7.7,61.6,157,0,66,6.0,282,10,108,108,58.3,76.0,76.1,62.1,0,8,302,2,13.6,115.1,3.2,9,18,0,17,29,14,4.6,2259,8.9
Derrius Vick,18747,QB,OHIO,10,71.8,238,253,8.8,2.64,3,10,3.7,63.2,160,0,94,6.4,292,11,86,259,51.8,62.2,64.8,55.8,3,6,312,5,21.3,88.0,6.8,20,19,0,9,10,22,7.1,1816,7.2
Justin Holman,46581,QB,UCF,9,65.2,233,252,9.9,2.55,8,8,3.0,50.4,127,0,93,16.4,284,25,78,323,52.2,57.1,53.9,66.8,5,14,299,1,10.8,53.0,3.5,10,22,1,5,7,24,8.0,1380,5.5
Kenny Potter,46562,QB,S JOSE ST,10,76.3,240,251,6.8,2.9,2,12,4.6,68.5,172,0,111,6.0,313,11,107,285,73.2,88.8,82.3,78.9,0,6,326,1,26.1,99.4,9.3,29,33,0,9,14,7,2.2,1901,7.6
Quinton Flowers,46580,QB,USF,12,71.5,235,245,10.6,3.1,1,12,4.7,60.8,149,0,105,11.3,307,19,104,327,61.5,78.7,71.4,75.0,1,8,320,3,19.0,102.1,6.5,20,42,0,8,21,14,4.4,2022,8.3
Cameron Coffman,20018,QB,WYOMING,9,71.9,228,244,10.1,2.76,6,22,8.5,62.3,152,0,93,7.3,283,12,82,351,62.5,67.5,70.1,44.1,1,10,300,2,26.9,94.7,8.8,25,14,2,7,18,23,7.7,1946,8.0
Jaquez Johnson,18005,QB,FAU,10,64.1,223,241,9.4,2.58,3,11,4.3,53.5,129,0,78,9.8,282,14,82,165,48.6,57.4,57.1,57.1,0,7,299,2,23.1,74.5,6.4,18,23,0,15,9,14,4.7,1587,6.6
Vernon Adams Jr.,20008,QB,OREGON,9,73.8,229,240,11.5,3.21,2,19,7.5,64.6,155,0,110,8.3,290,14,112,264,40.0,77.9,78.9,58.5,1,6,302,0,20.9,122.7,7.9,23,27,0,8,25,13,4.3,2446,10.2
Greyson Lambert,46545,QB,GEORGIA,11,72.7,220,237,8.9,2.62,5,10,4.1,64.1,152,0,70,5.0,256,8,90,173,40.5,71.3,72.9,48.6,0,2,262,2,15.7,99.7,4.3,11,8,1,11,11,11,4.2,1834,7.7
John Wolford,46454,QB,WAKE,11,71.2,215,235,7.6,2.85,6,11,4.5,60.4,142,0,112,7.2,283,11,85,339,53.3,71.3,73.8,54.7,2,11,296,2,19.6,77.5,7.8,22,26,0,12,9,10,3.4,1795,7.6
Fredi Knighten,17824,QB,ARK STATE,9,69.0,197,226,9.9,2.95,7,11,4.6,54.4,123,0,95,9.6,263,13,83,113,70.0,70.6,69.3,64.9,1,7,274,2,12.6,94.0,4.6,12,25,0,21,19,8,2.9,1707,7.6
Lamar Jackson,46416,QB,LOUISVILLE,10,64.3,213,223,12.8,3.07,3,7,3.1,55.2,123,0,122,10.2,284,14,91,210,42.3,69.1,61.9,70.9,1,8,290,0,18.9,78.2,8.1,23,38,0,6,10,16,5.5,1612,7.2
Everett Golson,18665,QB,FLORIDA ST,9,81.9,199,222,8.0,2.91,1,8,3.5,66.2,147,0,104,9.8,252,16,84,167,53.1,87.7,90.0,55.8,2,3,262,2,14.4,101.5,6.0,15,15,1,19,11,4,1.5,1778,8.0
Billy Bahl,46531,QB,MIAMI OH,11,56.9,204,218,13.3,2.68,2,12,5.2,45.0,98,0,86,15.5,253,18,69,221,67.0,51.5,49.6,60.9,3,13,265,0,24.4,53.9,8.3,21,14,0,9,8,18,6.8,1410,6.5
Andrew Allen,26510,QB,NEW MEX ST,7,67.3,199,215,9.8,2.71,1,9,4.0,53.5,115,0,83,14.2,263,19,67,242,38.7,57.6,61.0,48.2,0,8,276,0,21.7,85.7,6.8,18,30,1,14,16,14,5.1,1535,7.1
DaMarcus Smith,25479,QB,N TEXAS,10,59.1,198,212,10.4,2.69,4,6,2.8,46.7,99,1,79,15.4,242,18,56,251,41.0,49.3,44.6,60.5,2,5,249,2,16.5,63.7,5.4,13,17,1,7,8,13,5.2,1016,4.8
Sam Richardson,18467,QB,IOWA STATE,8,69.1,204,212,8.8,2.84,0,7,3.1,60.4,128,0,76,9.2,246,13,62,193,39.7,64.2,66.7,50.0,0,8,262,0,23.7,77.6,7.3,18,16,0,8,8,15,5.7,1442,6.8
Dalton Sturm,46488,QB,UTSA,9,68.2,192,210,9.4,2.95,1,6,2.8,59.0,124,0,114,5.3,265,7,77,331,63.0,59.9,58.5,59.6,2,7,274,1,28.1,85.0,12.1,32,23,0,15,13,14,5.1,1361,6.5
Austin Appleby,12316,QB,PURDUE,5,68.7,195,210,9.5,2.71,3,7,3.2,57.6,121,0,88,9.7,231,13,62,273,32.8,62.0,61.0,62.1,3,8,238,2,12.5,71.9,4.8,11,10,1,8,8,18,7.6,1259,6.0
Blake Decker,16932,QB,UNLV,9,65.3,202,210,11.2,2.48,4,21,9.3,57.6,121,0,88,8.3,231,11,80,325,54.2,71.5,73.0,55.9,0,8,249,1,11.4,87.4,4.3,10,11,0,4,12,15,6.1,1722,8.2
Maxwell Smith,18474,QB,S DIEGO ST,12,64.1,192,202,10.7,2.79,2,14,6.8,54.5,110,0,87,10.6,231,13,78,284,49.4,74.5,72.8,57.9,3,2,236,1,21.8,96.3,8.2,19,10,1,4,13,7,3.0,1529,7.6
Brooks Haack,46462,QB,LA LAFAYET,10,68.8,189,202,10.3,2.69,2,13,6.0,61.4,124,0,75,4.6,228,6,67,207,68.8,71.2,72.9,56.2,1,7,241,0,18.7,75.8,6.1,14,12,0,10,5,10,4.1,1396,6.9
Seth Russell,46467,QB,BAYLOR,7,70.8,192,200,14.4,2.21,6,18,8.4,59.5,119,0,39,12.5,212,17,89,118,60.6,90.0,82.8,82.6,1,6,226,1,7.7,122.6,1.4,3,9,0,1,29,12,5.3,2106,10.5
Joel Lanning,46597,QB,IOWA STATE,10,68.7,182,199,8.5,2.89,6,11,5.5,54.3,108,0,79,13.6,240,17,67,193,28.4,74.3,71.6,65.3,3,4,242,0,30.4,81.7,10.0,24,17,3,5,10,7,2.9,1243,6.2
Hayden Moore,46410,QB,CINCINNATI,8,64.4,191,195,12.2,2.71,1,19,9.4,58.5,114,0,59,7.3,224,9,83,138,26.8,68.3,73.6,47.3,0,8,235,2,25.4,84.9,6.7,15,14,0,3,9,14,6.0,1675,8.6
Treon Harris,27651,QB,FLORIDA,8,67.9,159,193,10.0,3.31,8,7,3.5,52.8,102,0,124,5.6,246,6,70,163,41.1,55.8,56.6,53.5,2,4,253,2,17.7,80.8,8.9,22,31,1,23,8,11,4.3,1366,7.1
Mack Leftwich,24189,QB,UTEP,7,73.3,172,191,7.5,2.45,8,10,5.1,55.0,105,0,66,16.7,205,21,57,330,64.1,57.1,57.5,52.8,2,3,213,1,6.1,83.9,2.0,4,10,0,9,9,11,5.2,1230,6.4
Lee McNeill,25838,QB,CHARLOTTE,9,65.7,169,190,6.4,2.42,6,3,1.5,53.2,101,0,70,9.0,216,10,41,136,50.1,41.5,43.8,37.1,3,10,221,0,28.6,45.6,9.3,20,6,0,12,1,11,5.0,885,4.7
Kendall Hinton,34045,QB,WAKE,8,60.8,166,181,10.2,2.99,4,10,5.2,51.4,93,0,77,7.9,221,8,55,339,54.6,63.0,56.3,70.5,3,5,234,1,22.1,62.2,7.7,17,23,1,7,4,13,5.6,930,5.1
Justin Thomas,12344,QB,GA TECH,11,51.6,157,180,14.9,3.24,2,12,6.5,41.7,75,0,97,7.4,202,6,62,176,29.3,59.2,55.6,61.4,1,8,209,2,14.4,71.5,6.9,14,8,0,20,12,17,8.1,1337,7.4
Michael Brewer,19619,QB,VA TECH,7,67.7,161,180,11.7,2.79,4,10,5.2,56.7,102,0,67,6.4,204,7,64,337,77.4,69.6,67.8,61.6,3,6,216,1,26.9,89.1,8.8,18,6,1,11,12,11,5.1,1361,7.6
Perry Hills,46491,QB,MARYLAND,8,63.0,165,180,9.8,2.91,4,4,2.2,50.0,90,1,95,13.5,221,14,53,215,48.4,51.5,46.6,64.1,2,13,229,5,16.8,51.6,7.2,16,25,0,9,8,18,7.9,999,5.6
Kent Myers,30603,QB,UTAH ST,8,66.3,175,178,10.1,2.49,0,9,4.8,60.1,107,0,55,7.8,208,9,67,329,55.3,60.7,62.7,54.4,1,3,218,0,20.0,105.9,5.3,11,19,0,2,14,9,4.1,1474,8.3
Colin Reardon,22806,QB,KENT STATE,9,58.4,161,177,10.1,2.46,5,5,2.7,45.8,81,0,51,13.8,185,13,42,201,46.6,43.4,45.1,47.0,1,4,191,0,5.9,65.3,1.6,3,5,0,10,7,10,5.2,906,5.1
Eric Dungey,46458,QB,SYRACUSE,8,69.6,168,177,9.3,2.71,2,11,5.8,59.9,106,0,80,9.4,219,11,63,304,36.1,63.5,61.2,62.5,3,5,233,1,16.3,91.5,5.9,13,29,0,4,11,16,6.9,1300,7.3
Cardale Jones,10773,QB,OHIO STATE,10,72.7,161,176,10.0,2.8,3,6,3.3,61.9,109,0,72,6.8,202,8,71,260,29.0,57.8,56.5,60.9,2,5,211,2,19.4,91.3,6.9,14,12,0,10,8,14,6.6,1449,8.2
Chuckie Keeton,19710,QB,UTAH ST,6,67.5,157,176,8.3,2.65,4,2,1.1,51.1,90,0,73,15.1,194,16,47,329,56.9,58.2,54.8,63.5,1,6,201,1,8.2,57.4,3.1,6,12,0,14,3,7,3.5,897,5.1
Andrew McNulty,39495,QB,N TEXAS,7,63.2,152,170,10.2,2.53,4,4,2.2,47.6,81,0,70,15.6,188,15,38,251,63.8,52.6,49.4,68.3,2,4,199,1,20.0,58.2,7.4,14,4,0,12,3,12,6.1,830,4.9
George Bollas,38869,QB,KENT STATE,9,66.9,154,167,7.5,3.02,1,0,0.0,56.3,94,0,70,8.7,206,9,45,201,45.1,48.3,46.6,55.2,2,6,216,0,12.9,57.0,4.4,9,30,0,10,2,10,4.6,761,4.6
Caleb Rowe,18200,QB,MARYLAND,9,54.2,153,165,11.5,2.5,4,7,4.0,46.1,76,0,45,8.4,172,7,50,215,26.1,43.3,40.0,65.4,1,15,181,1,4.4,37.3,1.2,2,5,1,6,6,18,9.9,893,5.4
Brenden Motley,44983,QB,VA TECH,8,66.7,150,164,10.4,2.96,3,8,4.5,56.1,92,0,78,8.0,198,8,58,337,34.0,59.6,51.8,67.6,2,7,212,0,25.6,82.8,10.1,20,14,0,9,11,15,7.1,1157,7.1
Seth Collins,47812,QB,OREGON ST,8,64.6,144,161,10.0,2.9,1,8,4.8,51.6,83,0,52,10.8,182,10,51,265,58.7,61.2,54.2,65.9,3,4,189,0,15.4,70.9,4.4,8,13,0,13,6,9,4.8,919,5.7
David Washington,23616,QB,DOMINION,5,70.7,140,161,10.2,2.89,2,6,3.6,58.4,94,0,74,5.1,186,5,66,263,44.8,73.1,74.8,70.4,4,3,194,0,13.5,89.5,5.4,10,15,0,15,8,7,3.6,1157,7.2
Will Grier,38265,QB,FLORIDA,6,73.1,156,160,7.6,2.58,0,9,5.4,66.3,106,0,64,7.0,194,8,70,163,29.3,67.3,62.7,73.5,0,3,202,1,23.4,101.7,7.7,15,19,0,4,10,10,5.0,1205,7.5
Jerrod Heard,47635,QB,TEXAS,12,74.0,146,159,9.5,3.2,3,12,7.3,57.9,92,0,84,14.8,227,16,62,311,52.5,73.6,66.9,71.8,2,5,235,2,34.5,79.8,12.8,29,39,0,8,5,10,4.3,1224,7.7
Kilton Anderson,27546,QB,FRESNO ST,7,61.4,140,158,7.8,2.36,4,5,3.0,50.0,79,0,47,8.1,174,7,42,169,68.5,47.5,44.1,61.6,2,5,180,2,25.5,56.6,6.9,12,4,1,11,2,11,6.1,826,5.2
Zack Greenlee,46587,QB,FRESNO ST,7,60.1,143,155,10.0,2.69,3,7,4.2,47.7,74,0,55,14.0,178,12,41,169,62.9,57.8,58.0,56.3,1,6,191,1,21.8,76.9,6.7,12,11,1,7,13,5,2.6,865,5.6
Jeremy Johnson,46386,QB,AUBURN,8,68.9,148,155,8.4,2.45,3,6,3.8,60.0,93,0,53,8.8,171,9,48,115,55.4,57.1,53.6,59.3,1,7,175,1,17.0,79.7,5.3,9,7,0,3,9,14,8.0,1007,6.5
Jason Driskel,46547,QB,FAU,10,60.1,138,152,9.9,2.45,4,3,1.9,50.7,77,0,47,7.2,167,6,45,165,40.0,56.1,54.6,59.6,1,4,175,0,21.3,66.4,6.0,10,5,0,9,3,5,2.9,967,6.4
Kurt Palandech,32214,QB,UNLV,10,64.5,141,151,8.9,2.86,3,6,3.7,49.7,75,0,73,17.6,192,16,51,325,48.6,64.2,54.2,75.6,2,5,204,1,32.9,71.6,12.5,24,17,1,4,9,9,4.4,799,5.3
Ikaika Woolsey,46495,QB,HAWAII,10,65.7,137,149,9.3,2.89,4,4,2.5,49.0,73,0,58,18.9,176,17,45,180,55.1,57.9,59.8,52.8,2,6,186,1,19.0,62.7,6.3,11,16,0,6,5,10,5.4,908,6.1
Sean Maguire,22742,QB,FLORIDA ST,7,76.5,132,147,8.7,2.55,3,5,3.2,61.2,90,0,49,10.9,151,11,48,167,59.7,60.6,61.7,48.5,6,2,158,4,6.1,99.8,2.0,3,1,0,6,9,8,5.1,1127,7.7
Ryan Metz,48058,QB,UTEP,8,68.9,135,144,8.7,2.42,2,7,4.7,56.9,82,0,30,11.8,159,11,46,330,64.7,52.0,54.5,49.7,2,7,165,1,10.0,69.2,1.9,3,12,2,3,6,12,7.3,900,6.3
Blake Bogenschutz,26913,QB,UTSA,5,66.7,135,139,8.6,2.24,1,2,1.4,58.3,81,0,36,10.0,155,9,45,331,27.8,38.0,42.1,41.0,0,4,167,1,27.8,72.9,6.5,10,6,0,3,3,11,6.6,902,6.5
Jalen Nixon,45916,QB,LA LAFAYET,8,61.4,132,139,8.4,2.32,1,3,2.1,52.5,73,0,42,9.9,147,8,35,207,63.3,52.2,49.8,58.7,1,5,153,1,7.1,72.0,2.0,3,5,0,5,7,8,5.3,811,5.8
Kyle Bolin,46414,QB,LOUISVILLE,7,70.5,122,138,11.6,2.67,7,9,6.2,56.5,78,0,85,9.3,152,8,44,210,47.8,66.5,67.1,52.8,2,6,160,1,14.1,83.0,7.9,12,2,1,6,7,7,4.4,1160,8.4
Tyler Rogers,46638,QB,NEW MEX ST,4,63.2,133,136,11.5,2.7,0,7,4.9,52.9,72,0,40,14.3,154,12,32,242,75.3,66.3,69.0,53.3,0,3,161,1,25.0,83.9,6.5,10,8,0,3,7,6,3.7,972,7.1
Sean White,46598,QB,AUBURN,6,72.7,121,133,10.3,2.68,4,7,5.1,56.4,75,0,47,14.8,146,13,46,115,28.3,79.9,79.5,61.3,3,2,151,0,21.3,78.6,6.8,10,3,3,2,1,5,3.3,1062,8.0
Kyler Murray,38334,QB,TEXAS A&M,7,65.3,118,122,10.1,2.99,0,3,2.4,59.0,72,0,35,6.5,142,5,49,312,41.9,65.8,56.2,74.4,0,7,147,0,22.9,64.7,5.6,8,12,0,4,5,8,5.4,694,5.7
Karson Roberts,17721,QB,AIR FORCE,10,58.7,121,122,13.7,2.34,0,6,4.7,53.3,65,0,19,8.5,128,6,50,101,33.0,59.3,70.5,47.5,0,10,135,2,10.5,85.5,1.6,2,3,0,1,9,10,7.5,1421,11.6
Drew Kummer,18541,QB,MIAMI OH,6,57.7,111,121,12.3,2.73,4,4,3.1,46.3,56,0,42,12.5,134,8,39,221,48.6,52.3,57.2,41.9,1,6,144,0,14.3,69.3,4.5,6,7,0,5,7,9,6.3,872,7.2
Earnest Carrington,16568,QB,LA MONROE,8,63.0,108,120,8.8,2.64,3,5,4.1,46.7,56,0,64,17.6,136,12,29,209,35.1,52.5,52.6,56.2,3,6,139,1,12.5,52.8,5.9,8,8,0,6,5,9,6.5,540,4.5
Zack Mahoney,46457,QB,SYRACUSE,8,57.9,114,118,10.1,2.71,3,6,4.5,45.8,54,0,44,18.2,138,12,34,304,39.0,43.0,46.4,46.1,1,2,155,1,15.9,71.8,5.1,7,13,0,0,7,9,5.8,535,4.5
J.T. Barrett IV,46387,QB,OHIO STATE,10,74.1,108,116,9.3,2.72,1,6,5.0,63.8,74,0,45,7.5,131,6,43,260,54.1,66.8,59.5,68.3,3,3,136,1,8.9,101.2,3.1,4,11,0,4,10,7,5.1,779,6.7
Nick Mitchell,29696,QB,OREGON ST,5,59.8,107,115,10.0,2.53,1,4,3.2,44.3,51,0,38,20.3,132,13,29,265,35.1,52.1,51.8,54.3,2,4,143,1,18.4,53.9,5.3,7,10,1,4,3,12,8.5,571,5.0
Lamar Jordan,29577,QB,NEW MEXICO,11,61.3,106,111,11.1,2.56,2,4,3.4,53.2,59,0,30,9.2,127,6,36,241,34.1,53.0,47.3,57.6,0,6,135,1,20.0,71.1,4.7,6,10,0,3,4,11,8.1,938,8.5
Maty Mauk,46507,QB,MISSOURI,4,65.7,102,111,11.3,3.27,3,6,5.0,51.4,57,0,46,14.9,126,10,36,229,50.2,56.7,52.3,66.3,0,4,137,2,13.0,72.2,4.8,6,9,0,6,6,13,9.5,647,5.8
Jarrett Stidham,13725,QB,BAYLOR,10,81.0,100,109,11.9,2.57,4,14,12.3,68.8,75,0,32,7.4,133,6,52,118,52.6,89.3,91.5,56.5,2,2,139,1,28.1,136.9,6.8,9,15,0,3,12,2,1.4,1266,11.6
Joe Gray,16729,QB,S JOSE ST,6,79.4,97,106,5.9,2.7,2,2,1.8,69.8,74,0,36,3.9,117,3,44,285,74.0,67.9,67.8,57.2,1,4,120,1,22.2,96.5,6.8,8,3,0,6,6,4,3.3,841,7.9
Montell Cozart,46563,QB,KANSAS,4,73.2,97,106,9.0,2.85,2,2,1.9,63.2,67,0,42,5.6,132,4,43,198,47.6,48.5,55.8,42.8,0,1,134,0,16.7,86.4,5.3,7,19,0,7,2,3,2.2,746,7.0
James Tabary,38262,QB,ARK STATE,8,68.0,100,106,7.9,2.37,3,4,3.6,61.3,65,0,31,4.4,118,3,39,113,29.4,54.9,59.3,35.0,0,6,122,1,32.3,73.2,8.5,10,2,0,3,4,7,5.7,788,7.4
Bo Schneider,39713,QB,UCF,6,62.2,98,105,9.5,2.57,1,2,1.8,51.4,54,0,47,11.5,117,7,31,323,56.8,47.9,47.5,53.8,2,7,121,0,23.4,44.7,9.4,11,1,0,4,2,9,7.4,535,5.1
Nick Jeanty,26496,QB,NEW MEX ST,6,64.8,91,103,7.7,2.5,2,6,5.4,52.4,54,0,41,8.5,119,5,27,242,74.5,52.9,53.9,54.6,1,2,127,1,17.1,69.2,5.9,7,9,0,9,3,8,6.3,540,5.2
Kyle Shurmur,29110,QB,VANDERBILT,5,55.8,95,103,9.8,2.61,3,5,4.8,42.7,44,0,40,17.0,115,9,27,333,55.3,57.0,55.3,59.2,1,3,118,0,22.5,62.1,7.8,9,3,0,4,5,6,5.1,503,4.9
Keenan Reynolds,10816,QB,NAVY,12,63.7,91,102,14.9,2.68,3,10,9.3,51.0,52,1,44,10.3,119,6,34,237,73.9,76.1,72.6,69.5,0,1,124,5,29.5,107.4,10.9,13,4,3,5,7,4,3.2,1077,10.6
Brooks Barden,37238,QB,CHARLOTTE,7,61.6,86,101,7.3,2.62,3,2,1.9,48.5,49,0,64,7.5,127,4,27,136,59.9,41.9,36.6,62.8,3,5,129,1,29.7,53.2,15.0,19,7,0,9,4,6,4.7,439,4.3
Austin Apodaca,46439,QB,NEW MEXICO,9,64.5,93,97,8.9,2.24,1,5,4.9,51.5,50,0,23,16.7,103,10,24,241,47.1,40.3,43.7,47.6,0,5,109,3,21.7,54.6,4.9,5,1,0,3,1,11,10.1,642,6.6
James Summers,12022,QB,E CAROLINA,10,72.2,90,97,8.3,2.9,0,2,2.0,60.8,59,0,51,9.2,131,6,34,156,60.0,77.2,69.8,73.3,1,2,136,2,27.5,90.7,10.7,14,20,2,4,5,5,3.7,684,7.1
Jerrard Randall,17137,QB,ARIZONA,9,58.7,92,95,9.9,2.42,0,4,4.1,49.5,47,0,34,13.0,101,7,23,109,60.4,76.2,57.3,82.9,1,3,103,0,2.9,70.4,1.0,1,5,0,2,5,7,6.8,518,5.5
Tyrone Swoopes,12267,QB,TEXAS,10,61.6,86,93,13.0,3.19,0,3,3.0,50.5,47,0,42,11.3,120,6,27,311,68.2,57.4,39.8,73.0,1,1,126,0,9.5,78.2,3.3,4,23,0,6,4,5,4.0,538,5.8
Cade Apsay,27137,QB,COLORADO,5,71.1,90,92,7.8,2.67,0,2,2.1,64.1,59,0,41,7.8,112,5,34,143,28.8,59.7,65.4,42.3,1,5,118,1,34.1,70.1,12.5,14,6,0,1,3,3,2.6,582,6.3
Jordy Joseph,16946,QB,TULANE,6,67.9,84,92,7.6,2.72,2,4,4.2,50.0,46,0,30,19.3,103,11,35,319,74.1,61.7,56.1,75.6,0,3,108,2,13.3,79.9,3.9,4,7,0,6,6,5,4.6,619,6.7
Peyton Bender,26736,QB,WASH STATE,5,65.9,88,91,7.6,2.44,1,4,4.3,58.2,53,0,17,8.6,94,5,28,341,51.5,50.1,49.7,,2,4,96,0,17.6,67.1,3.2,3,0,0,0,3,9,9.4,520,5.7
JD Sprague,39102,QB,OHIO,6,69.0,84,88,10.7,2.67,3,6,6.4,56.8,50,0,26,13.8,105,8,40,259,48.0,78.2,79.1,64.1,0,1,112,0,19.2,109.0,4.8,5,12,1,0,7,3,2.7,798,9.1
Matt Johnson,46383,QB,CHARLOTTE,11,60.0,85,86,11.5,2.47,0,8,8.9,54.7,47,0,33,7.8,101,4,34,136,26.0,54.0,53.9,56.1,1,8,105,0,18.2,73.3,5.9,6,9,0,0,7,7,6.7,769,8.9
Jeff Lockie,23581,QB,OREGON,4,76.0,75,85,6.9,3.06,1,0,0.0,63.5,54,0,41,5.3,107,3,30,264,57.0,47.6,42.3,61.0,1,4,107,1,19.5,81.3,7.5,8,14,0,8,5,5,4.7,536,6.3
Kevin Ellison,46555,QB,GA SOUTHRN,10,55.3,76,84,14.6,2.77,1,9,9.9,44.0,37,0,38,11.9,93,5,24,174,33.9,67.9,59.2,66.4,5,5,103,0,13.2,52.1,5.4,5,4,0,2,3,7,6.8,529,6.3
Jeff Smith,48055,QB,BOSTON COL,9,52.8,72,83,10.3,2.77,1,1,1.1,32.5,27,0,43,28.9,101,11,18,121,24.4,50.9,42.1,61.9,2,3,107,1,18.6,35.0,7.9,8,10,1,7,2,6,5.6,255,3.1
Ryan Graham,26338,QB,N ILLINOIS,6,68.4,76,81,10.2,2.5,1,3,3.6,59.3,48,0,20,7.7,99,4,28,254,25.8,49.2,44.8,57.5,0,3,103,0,45.0,94.3,9.1,9,9,0,4,6,7,6.8,653,8.1
Michael Birdsong,25709,QB,MARSHALL,5,68.4,76,79,8.9,2.4,1,2,2.3,54.4,43,0,23,17.3,87,9,18,214,38.5,38.8,39.8,49.4,1,4,97,0,21.7,54.2,5.7,5,3,0,1,2,9,9.3,369,4.7
Jake Luton,17287,QB,IDAHO,5,67.5,77,79,8.3,2.5,0,1,1.2,62.0,49,0,26,5.8,89,3,18,185,75.4,53.3,48.7,64.0,0,4,94,0,19.2,57.3,5.6,5,5,0,2,1,4,4.3,387,4.9
Parker Boehme,39372,QB,DUKE,8,64.0,75,77,9.8,2.28,1,5,6.1,55.8,43,0,19,10.4,84,5,24,154,48.7,70.2,69.9,62.6,0,1,89,0,31.6,83.3,7.1,6,1,1,0,2,3,3.4,580,7.5
John Fadule,35420,QB,BOSTON COL,3,67.2,64,74,10.6,2.96,0,6,7.3,52.7,39,0,50,9.3,92,4,24,121,44.1,59.0,56.0,62.6,1,4,100,0,24.0,54.6,13.0,12,6,0,9,1,8,8.0,472,6.4
J.W. Walsh,19040,QB,OKLA STATE,11,81.5,65,72,10.2,2.4,2,2,2.7,66.7,48,0,19,9.4,76,5,29,262,43.7,73.5,85.1,55.9,0,1,78,0,0.0,129.8,0.0,0,4,1,4,13,3,3.8,663,9.2
Ryan Finley,46426,QB,BOISE ST,3,74.6,67,71,8.6,2.8,1,3,4.2,64.8,46,0,30,8.0,87,4,26,120,73.4,64.7,64.5,59.3,0,4,89,0,20.0,65.8,6.9,6,10,0,3,1,5,5.7,485,6.8
Drew Barker,26947,QB,KENTUCKY,5,62.3,61,69,7.8,3.07,1,2,2.8,49.3,34,0,36,10.5,87,4,18,202,73.7,37.0,36.2,50.6,4,2,91,0,13.9,57.5,5.7,5,13,0,3,1,8,8.8,358,5.2
Marcus McMaryion,29810,QB,OREGON ST,7,52.5,59,67,11.6,2.78,2,6,8.3,40.3,27,0,24,12.9,80,4,17,265,72.4,62.2,62.8,53.0,1,3,85,0,16.7,47.0,5.0,4,9,0,5,1,3,3.5,403,6.0
Jack Milas,22500,QB,BALL ST,4,67.2,64,67,8.7,2.16,2,2,2.8,50.7,34,0,10,20.9,68,9,21,117,72.6,40.7,38.0,61.7,0,3,74,0,10.0,51.8,1.5,1,0,1,0,1,6,8.1,339,5.1
Kyle Postma,32269,QB,HOUSTON,5,71.9,64,66,10.5,2.98,0,10,14.1,62.1,41,0,31,10.9,77,5,27,182,57.5,92.7,92.2,69.3,1,1,82,0,9.7,91.0,3.9,3,8,0,1,3,1,1.2,449,6.8
Nick Smith,30748,QB,WYOMING,4,49.2,59,64,10.3,2.92,0,1,1.5,42.2,27,0,32,6.9,80,2,20,351,32.4,46.9,51.0,48.0,2,1,82,0,18.8,63.1,7.5,6,10,0,3,3,2,2.4,257,4.0
Reginald Bell,28286,QB,E MICHIGAN,4,72.7,55,62,6.8,2.6,2,1,1.6,59.7,37,0,36,7.5,84,3,28,160,26.9,59.4,50.8,70.0,1,3,86,1,33.3,64.0,14.3,12,10,0,4,2,6,7.0,321,5.2
Tyler Harris,27477,QB,UCF,5,52.6,57,61,11.3,2.59,0,2,3.1,42.6,26,0,23,13.3,65,4,14,323,45.0,48.6,46.8,65.6,2,2,68,0,13.0,66.8,4.6,3,1,0,2,4,3,4.4,308,5.0
Tim Boyle,21956,QB,UCONN,5,68.5,54,59,6.3,2.55,0,1,1.7,52.5,31,0,20,16.2,65,6,15,146,71.2,56.3,57.4,55.8,0,1,66,1,10.0,58.7,3.1,2,4,0,5,0,3,4.5,281,4.8
Malik Rosier,46550,QB,MIAMI FL,4,67.3,55,58,9.3,2.35,2,7,11.7,50.0,29,0,20,21.6,64,8,15,220,73.9,71.0,76.1,56.3,0,3,66,2,10.0,58.2,3.1,2,4,0,1,2,5,7.6,341,5.9
Chason Virgil,39592,QB,FRESNO ST,3,67.3,49,56,6.4,2.32,1,1,1.7,55.4,31,0,15,6.1,59,2,18,169,46.8,49.6,50.2,52.3,0,3,61,1,6.7,65.9,1.7,1,2,0,6,3,4,6.6,298,5.3
Kavika Johnson,46384,QB,UTEP,8,62.0,50,55,4.7,2.34,2,2,3.6,50.9,28,1,19,9.7,64,3,13,330,29.8,38.3,34.9,51.3,0,0,64,2,21.1,80.4,6.3,4,5,0,3,3,5,7.8,234,4.3
Ryker Fyfe,46588,QB,NEBRASKA,2,69.1,55,55,8.9,2.77,0,1,1.7,61.8,34,0,22,10.5,60,4,26,238,71.0,65.4,64.8,59.9,0,5,63,0,9.1,79.4,3.3,2,3,0,0,5,3,4.8,440,8.0
Dallas Tidwell,17532,QB,TROY,7,51.0,51,53,9.2,1.99,1,1,1.9,43.4,23,0,13,11.5,56,3,16,318,71.4,50.9,49.5,61.0,1,3,57,0,15.4,42.4,3.6,2,1,0,0,1,4,7.0,273,5.2
Cooper Bateman,46596,QB,ALABAMA,5,76.9,52,52,4.5,2.41,0,1,1.9,71.2,37,0,10,7.5,56,3,17,103,70.4,65.0,65.3,54.2,0,2,56,0,20.0,75.2,3.6,2,2,0,0,1,2,3.6,292,5.6
Lorenzo Nunez,39564,QB,S CAROLINA,5,75.0,48,51,10.8,3.2,1,1,1.9,62.7,32,1,21,11.1,63,4,24,289,65.1,60.6,53.7,63.3,0,3,66,1,28.6,80.2,9.5,6,6,0,2,3,7,10.6,376,7.4
Troy Flutie,27900,QB,BOSTON COL,7,56.8,44,50,13.6,2.99,0,4,7.7,48.0,24,0,29,4.0,63,1,14,121,31.8,46.7,48.7,51.6,2,1,66,1,24.1,86.1,11.1,7,6,1,3,3,5,7.6,388,7.8
Ahmad Bradshaw,46451,QB,ARMY,8,57.8,45,48,17.1,2.78,1,3,5.9,47.9,23,0,28,11.5,59,3,20,114,16.4,61.3,70.7,53.0,2,2,62,1,25.0,96.6,11.9,7,4,0,0,5,3,4.8,429,8.9
Tyler Stehling,46429,QB,RICE,5,61.9,42,48,11.6,2.66,2,5,10.4,50.0,24,0,22,7.7,56,2,13,275,27.7,55.8,58.7,49.3,2,2,57,0,27.3,61.4,10.7,6,2,0,2,1,4,7.0,323,6.7
Connor White,30266,QB,TEXAS ST,5,65.1,43,47,8.7,2.66,1,1,2.0,55.3,26,0,6,7.1,54,2,14,314,47.8,62.3,56.0,68.7,0,2,56,0,50.0,58.4,5.6,3,4,0,3,1,4,7.1,235,5.0
Mitch Trubisky,11757,QB,N CAROLINA,7,84.8,46,46,7.8,2.41,0,3,6.4,84.8,39,0,6,0.0,50,0,28,245,27.9,90.9,92.3,58.9,0,0,51,0,16.7,155.1,2.0,1,3,0,0,6,0,0.0,539,11.7
Bart Houston,12349,QB,WISCONSIN,6,69.8,43,45,9.3,2.48,0,1,2.2,60.0,27,1,18,10.0,49,3,18,349,70.1,69.1,70.4,56.9,1,2,50,1,16.7,81.7,6.1,3,1,0,1,3,3,6.0,280,6.2
Favian Upshaw,46554,QB,GA SOUTHRN,12,61.5,39,45,13.9,3.06,1,3,5.9,40.0,18,1,19,25.0,54,6,13,174,53.8,59.3,39.1,69.5,0,5,61,1,15.8,15.3,5.6,3,6,0,5,0,7,11.5,210,4.7
Coleman Key,27027,QB,COLO STATE,6,52.5,40,44,13.5,2.72,1,0,0.0,47.7,21,0,15,0.0,51,0,16,144,20.6,42.6,50.0,37.9,1,3,54,1,13.3,59.9,3.9,2,5,0,2,3,4,7.5,251,5.7
Bram Kohlhausen,39176,QB,TCU,5,71.4,42,43,8.3,2.9,0,1,2.3,62.8,27,0,9,10.0,48,3,16,305,70.4,55.7,52.1,62.9,0,1,49,0,11.1,103.7,2.1,1,4,0,1,3,3,6.1,369,8.6
Darius Wade,28055,QB,BOSTON COL,3,65.8,38,42,10.5,2.64,1,1,2.2,50.0,21,0,22,16.0,49,4,17,121,74.4,65.0,59.1,68.4,0,1,52,0,22.7,72.3,10.2,5,2,0,3,2,1,1.9,228,5.4
Trevor Knight,12009,QB,OKLAHOMA,5,64.1,39,41,7.0,2.34,0,0,0.0,56.1,23,0,9,8.0,47,2,18,261,56.5,50.6,52.3,51.9,0,2,49,0,22.2,75.9,4.3,2,4,0,2,2,2,4.1,306,7.5
Zack Oliver,18691,QB,NWESTERN,4,48.7,39,41,9.4,2.7,0,1,2.2,41.5,17,0,26,10.5,48,2,14,256,42.2,36.6,35.1,53.7,1,2,53,0,23.1,44.3,12.5,6,1,0,1,1,4,7.5,195,4.8
Jordan Davis,30148,QB,LA LAFAYET,3,80.6,36,41,7.0,2.91,3,3,6.7,63.4,26,0,17,10.3,48,3,14,207,28.7,77.8,84.3,57.1,1,0,53,0,23.5,88.8,8.3,4,3,0,1,1,1,1.9,253,6.2
Davis Webb,11842,QB,TEXAS TECH,5,62.5,40,41,8.9,2.19,0,1,2.3,53.7,22,0,7,12.0,41,3,14,315,70.1,63.7,62.4,62.2,0,0,43,0,0.0,93.5,0.0,0,0,0,1,2,0,0.0,300,7.3
Kody Cook,18371,WR,KANSAS ST,6,48.6,35,41,15.3,3.41,0,3,6.8,41.5,17,0,29,0.0,54,0,13,199,80.3,66.2,38.8,68.1,0,3,57,2,37.9,56.0,20.4,11,2,0,6,3,5,8.8,251,6.1
Malik Zaire,46634,QB,NOTRE DAME,2,74.4,39,40,11.7,2.65,0,2,5.0,65.0,26,0,15,10.3,44,3,21,258,74.3,87.2,88.2,68.5,0,0,44,1,13.3,134.2,4.5,2,2,0,1,4,1,2.3,428,10.7
Greg Windham,46533,QB,OHIO,7,61.5,39,39,10.6,2.57,0,1,2.4,48.7,19,0,8,20.8,42,5,11,259,77.0,49.5,43.9,59.2,0,3,44,0,12.5,47.4,2.4,1,2,0,0,1,5,11.4,264,6.8
Brandon Dawkins,27142,QB,ARIZONA,4,67.6,34,38,10.8,2.68,0,1,2.6,52.6,20,0,28,13.0,58,3,15,109,29.0,63.8,53.8,71.3,1,2,60,0,35.7,77.3,17.2,10,10,0,3,2,3,5.0,326,8.6
Chris Johnson,38519,QB,BAYLOR,3,50.0,36,38,16.6,2.72,0,2,4.8,39.5,15,0,10,16.7,43,3,8,118,20.3,44.8,42.6,44.6,0,2,47,0,20.0,63.5,4.7,2,3,0,2,3,5,10.6,220,5.8
Devin Powell,38337,QB,TULANE,5,47.2,36,36,9.6,2.52,0,2,5.6,44.4,16,0,7,5.9,38,1,8,319,22.7,46.3,51.7,38.9,0,0,38,0,14.3,66.6,2.6,1,1,0,0,1,2,5.3,157,4.4
Kendal Thompson,11451,QB,UTAH,3,77.8,36,36,4.1,2.65,0,0,0.0,77.8,28,0,14,0.0,41,0,15,328,46.7,51.3,58.9,46.7,0,1,45,0,0.0,90.0,0.0,0,5,0,0,1,3,6.7,222,6.2
Tra'Von Chapman,46559,QB,AKRON,3,50.0,30,35,12.2,2.52,0,1,2.8,25.7,9,0,13,40.0,41,6,5,102,76.7,47.7,49.1,52.8,0,1,42,0,30.8,43.4,9.8,4,2,0,5,1,3,7.1,157,4.5
Ford Childress,38253,QB,FRESNO ST,2,71.9,32,34,8.3,2.7,0,1,2.9,55.9,19,0,10,17.4,36,4,9,169,68.7,60.2,59.1,,2,2,36,0,20.0,64.6,5.6,2,0,0,0,2,2,5.6,170,5.0
Chayce Crouch,32855,QB,ILLINOIS,6,58.8,34,34,8.8,2.31,0,2,5.9,44.1,15,0,8,25.0,39,5,9,187,76.0,61.4,58.2,62.1,0,1,40,0,25.0,65.8,5.1,2,3,0,0,2,1,2.6,160,4.7
Taysom Hill,12112,QB,BYU,1,69.7,33,34,12.2,2.87,0,1,2.7,61.8,21,0,15,8.7,41,2,12,128,70.2,72.4,70.6,65.0,0,1,45,0,20.0,83.9,7.3,3,4,0,1,1,1,2.2,268,7.9
Faton Bauta,46470,QB,GEORGIA,1,60.0,30,33,10.4,2.92,1,1,2.9,45.5,15,0,14,16.7,35,3,8,173,69.7,34.1,30.8,63.0,1,4,36,0,7.1,19.8,2.9,1,1,0,1,0,5,13.9,154,4.7
Brice Ramsey,27649,QB,GEORGIA,5,73.3,30,33,7.7,2.17,1,0,0.0,60.6,20,0,10,9.1,36,2,13,173,69.2,59.3,58.0,60.0,1,2,36,0,30.0,69.0,8.3,3,0,1,0,1,3,8.3,250,7.6
Dontreal Pruitt,17469,QB,TROY,3,72.4,29,31,5.3,2.43,2,1,3.0,64.5,20,0,12,4.8,44,1,10,318,53.6,65.6,67.2,60.4,0,2,46,1,58.3,50.6,15.9,7,6,0,0,0,1,2.2,161,5.2
Zander Diamont,28542,QB,INDIANA,2,53.3,30,31,10.7,2.84,1,1,3.1,48.4,15,0,13,6.3,41,1,10,190,42.8,42.6,29.8,64.0,0,0,42,0,23.1,64.6,7.3,3,7,0,0,0,4,9.5,165,5.3
Connor Mitch,38318,QB,S CAROLINA,2,65.4,26,30,9.0,3.11,0,2,6.5,43.3,13,0,11,23.5,38,4,9,289,41.2,42.2,46.6,53.6,0,0,39,3,27.3,72.4,7.9,3,5,1,3,1,4,10.3,166,5.5
Gus Ragland,39063,QB,MIAMI OH,8,75.9,29,30,8.3,2.74,0,1,3.1,70.0,21,0,10,4.5,34,1,11,221,81.9,79.1,77.4,69.5,0,0,37,0,10.0,122.8,2.9,1,3,0,1,3,1,2.8,209,7.0
Jake Hubenak,32201,QB,TEXAS A&M,4,48.0,25,28,11.6,2.64,1,0,0.0,42.9,12,0,12,0.0,32,0,6,312,68.6,36.6,36.6,54.5,0,0,36,0,8.3,63.4,3.1,1,3,0,2,1,4,11.1,92,3.3
A.J. Schurr,19879,QB,ARMY,6,52.0,25,28,16.7,2.6,1,1,3.4,35.7,10,0,11,23.1,34,3,8,114,25.0,45.2,29.4,55.3,1,4,35,0,36.4,72.3,11.8,4,2,0,1,3,7,20.0,298,10.6
Kyle Pohl,16451,QB,AKRON,3,59.1,22,27,10.3,2.26,2,2,7.4,40.7,11,0,9,15.4,29,2,8,102,70.2,61.3,63.6,52.5,0,0,29,1,11.1,57.2,3.4,1,1,0,3,0,0,0.0,137,5.1
Foster Sawyer,13010,QB,TCU,3,52.2,23,26,14.3,2.99,1,3,10.7,38.5,10,0,7,16.7,34,2,5,305,72.1,39.4,37.2,52.8,1,3,36,0,42.9,45.0,8.8,3,5,0,1,2,5,13.9,155,6.0
William Crest Jr.,45917,QB,W VIRGINIA,7,50.0,24,25,8.4,2.31,1,0,0.0,44.0,11,0,6,8.3,26,1,4,343,76.3,40.2,28.4,67.9,0,1,27,1,16.7,42.8,3.8,1,0,0,0,0,3,11.1,124,5.0
Ryan Higgins,22948,QB,LA TECH,5,76.0,25,25,8.3,2.3,0,1,4.0,60.0,15,0,8,21.1,28,4,7,208,31.3,54.2,61.0,46.8,0,3,28,0,12.5,48.8,3.6,1,2,0,0,1,2,7.1,138,5.5
K.J. Carta-Samuels,46525,QB,WASHINGTON,4,63.6,22,25,8.5,2.93,3,0,0.0,44.0,11,0,17,21.4,32,3,8,340,71.2,47.4,40.9,60.3,0,1,32,0,11.8,44.1,6.3,2,5,0,0,0,2,6.3,132,5.3
Hayden Rettig,21652,QB,RUTGERS,4,68.2,22,25,13.7,2.92,0,4,14.8,56.0,14,0,12,6.7,32,1,11,278,68.5,77.4,75.7,61.9,2,0,34,0,25.0,114.3,9.4,3,4,0,1,2,1,2.9,233,9.3
Wilton Speight,46399,QB,MICHIGAN,5,43.5,23,25,11.9,2.93,0,0,0.0,36.0,9,0,10,10.0,26,1,3,222,70.6,58.5,58.1,58.3,1,1,28,0,0.0,41.3,0.0,0,1,0,1,1,1,3.6,73,2.9
Christian Chapman,27211,QB,S DIEGO ST,3,59.1,22,24,10.1,2.81,0,1,4.2,50.0,12,0,10,7.7,27,1,5,284,71.0,54.0,48.3,62.3,2,1,27,0,10.0,47.2,3.7,1,2,0,0,0,2,7.4,120,5.0
Jordan Gehrke,21879,QB,COLORADO,3,75.0,20,24,7.6,3.19,1,0,0.0,50.0,12,0,13,20.0,30,3,6,143,29.7,40.0,42.1,49.5,2,1,32,0,30.8,60.4,13.3,4,2,0,1,1,4,12.5,116,4.8
Chad Voytik,46471,QB,PITTSBURGH,4,69.6,23,24,8.1,2.46,0,2,7.4,66.7,16,0,9,0.0,29,0,4,268,25.5,50.2,44.8,59.9,0,1,32,0,44.4,73.6,13.8,4,1,0,1,1,3,9.4,112,4.7
Lynx Hawthorne,47631,WR,BAYLOR,1,65.0,20,24,9.1,2.54,0,0,0.0,41.7,10,0,7,23.1,24,3,4,118,73.2,54.6,28.5,70.4,0,2,25,1,0.0,14.6,0.0,0,0,1,3,0,3,12.0,64,2.7
Tyler O'Connor,46460,QB,MICH STATE,3,69.6,23,24,8.1,2.68,0,1,3.8,54.2,13,0,10,18.8,28,3,7,223,48.8,60.1,62.5,54.9,0,1,30,0,20.0,80.7,7.1,2,2,0,1,2,2,6.7,133,5.5
Deondre Ford,25315,QB,KANSAS,2,70.0,20,23,10.1,2.45,0,1,4.0,47.8,11,0,16,21.4,25,3,8,198,69.6,56.9,57.1,57.7,2,1,27,0,6.3,47.7,4.0,1,1,0,1,0,2,7.4,132,5.7
Shane Cockerille,50875,FB,MARYLAND,2,57.9,19,23,13.5,2.83,3,0,0.0,47.8,11,0,8,0.0,26,0,7,215,73.7,59.1,57.7,60.5,0,0,26,2,12.5,56.8,3.8,1,2,0,1,0,0,0.0,82,3.6
Nick Schuessler,12061,QB,CLEMSON,5,60.9,23,23,8.8,2.46,0,0,0.0,56.5,13,0,9,7.1,28,1,7,140,68.5,29.2,28.8,50.6,0,1,28,0,33.3,63.1,10.7,3,2,0,0,0,2,7.1,177,7.7
Josh Greer,38105,QB,N TEXAS,4,40.9,22,23,12.6,2.55,1,2,8.7,34.8,8,0,8,11.1,25,1,3,251,16.9,26.8,28.6,38.4,0,2,25,0,12.5,12.4,4.0,1,1,0,0,0,4,16.0,97,4.2
Dallas Davis,13241,QB,S ALABAMA,4,52.2,23,23,11.9,2.34,0,1,4.2,47.8,11,0,9,8.3,33,1,6,288,36.2,48.9,41.2,65.3,0,1,34,0,88.9,58.2,24.2,8,2,0,0,1,2,5.9,110,4.8
Darrel Colbert Jr.,46577,QB,SMU,4,68.2,22,22,16.4,3.56,0,2,9.1,68.2,15,0,10,0.0,33,0,8,287,48.4,56.6,74.4,46.9,0,0,34,0,30.0,112.5,9.1,3,8,0,0,1,2,6.1,203,9.2
Chris Carter,46512,QB,ARMY,2,65.0,20,21,18.6,2.79,0,4,19.0,61.9,13,0,10,0.0,27,0,12,114,54.8,64.7,79.5,52.7,0,2,28,0,40.0,97.9,14.8,4,2,0,1,2,4,14.8,348,16.6
Ross Comis,46584,QB,UMASS,5,85.0,20,21,9.6,2.87,0,2,9.1,71.4,15,0,10,11.8,26,2,6,216,68.5,66.2,71.0,50.8,1,0,27,0,30.0,127.3,11.5,3,2,0,0,2,0,0.0,171,8.1
Reggie Bonnafon,47542,QB,LOUISVILLE,6,68.4,19,21,8.5,3.27,0,1,4.2,57.1,12,0,16,7.7,30,1,8,210,79.2,73.4,62.6,73.0,0,1,33,0,37.5,72.1,20.0,6,3,0,2,1,1,3.0,133,6.3
Steven Bench,17685,QB,USF,5,75.0,20,21,9.7,2.41,0,1,4.3,61.9,13,0,5,13.3,22,2,6,327,25.2,61.5,59.5,60.7,1,1,24,0,20.0,99.9,4.5,1,0,0,0,2,2,8.3,173,8.2
James Knapke,46506,QB,BOWL GREEN,6,73.7,19,20,8.4,2.09,0,2,9.1,70.0,14,0,1,0.0,21,0,6,122,68.1,62.2,63.4,54.9,0,0,23,1,0.0,113.1,0.0,0,1,0,1,1,0,0.0,173,8.7
Clay Holgorsen,28940,QB,MEMPHIS,4,78.9,19,20,3.5,1.94,0,0,0.0,70.0,14,0,2,6.7,20,1,10,218,70.8,46.8,44.8,57.9,0,1,20,1,0.0,92.7,0.0,0,0,0,1,1,2,10.0,175,8.8
Trey Anderson,19120,QB,FIU,4,41.2,17,20,16.5,2.77,2,0,0.0,25.0,5,0,6,28.6,25,2,5,166,71.4,53.9,45.4,65.8,0,0,27,0,16.7,74.4,4.0,1,4,0,1,1,0,0.0,147,7.4
Daxx Garman,19183,QB,MARYLAND,2,53.3,15,18,10.5,2.68,1,0,0.0,33.3,6,0,11,25.0,27,2,3,215,69.2,44.7,53.1,47.5,1,1,29,1,45.5,51.4,18.5,5,4,0,1,1,0,0.0,113,6.3
Chase Forrest,28221,QB,CAL,2,68.8,16,18,8.3,2.47,1,1,5.6,55.6,10,0,5,9.1,20,1,8,130,68.5,66.0,64.9,60.8,0,1,20,0,20.0,81.3,5.0,1,1,0,1,1,1,5.0,162,9.0
Thomas Stuart,46486,QB,BOISE ST,4,70.6,17,18,8.8,2.74,1,0,0.0,66.7,12,0,10,0.0,27,0,9,120,45.8,69.7,71.8,61.5,0,0,28,0,50.0,102.5,18.5,5,4,0,0,1,1,3.6,114,6.3
Quinten Dormady,35426,QB,TENNESSEE,4,81.3,16,18,9.5,3.31,0,3,16.7,61.1,11,0,8,15.4,22,2,8,307,70.8,80.5,90.3,53.4,0,0,22,0,25.0,113.4,9.1,2,2,0,2,1,0,0.0,181,10.1
Nate Romine,46524,QB,AIR FORCE,2,44.4,18,18,17.0,2.61,0,2,10.5,38.9,7,0,4,12.5,20,1,6,101,25.1,58.0,62.9,53.8,0,1,21,0,0.0,80.6,0.0,0,2,0,0,2,2,9.5,139,7.7
Jerry Neuheisel,24010,QB,UCLA,3,75.0,16,18,5.7,2.25,0,0,0.0,27.8,5,0,2,58.3,18,7,3,324,69.0,54.6,52.1,60.8,0,2,18,1,0.0,0.0,0.0,0,0,0,2,0,1,5.6,53,2.9
Tommy Fiedler,34293,QB,N ILLINOIS,1,64.3,14,17,14.7,3.05,0,0,0.0,52.9,9,0,4,0.0,20,0,8,254,67.1,64.7,55.5,74.8,1,0,20,0,0.0,93.5,0.0,0,3,0,2,1,0,0.0,113,6.6
Demry Croft,13644,QB,MINNESOTA,3,56.3,16,17,6.8,2.67,0,0,0.0,41.2,7,0,6,22.2,22,2,3,225,69.8,49.5,35.5,72.5,0,0,22,1,50.0,48.9,13.6,3,2,0,1,0,1,4.5,34,2.0
Danny Cameron,39323,QB,INDIANA,1,50.0,14,16,11.8,2.23,2,0,0.0,37.5,6,0,4,14.3,17,1,4,190,23.3,63.3,62.7,,0,1,18,0,25.0,24.2,5.9,1,0,0,0,0,1,5.6,65,4.1
Beau Hoge,34606,QB,BYU,3,68.8,16,16,10.8,2.84,0,0,0.0,56.3,9,0,2,18.2,18,2,8,128,37.6,67.3,68.1,61.1,0,1,21,0,50.0,77.6,5.6,1,1,0,0,1,1,5.0,130,8.1
DeVante Kincade,26446,QB,OLE MISS,3,66.7,15,15,7.7,2.95,0,1,6.3,60.0,9,0,5,10.0,17,1,3,226,71.7,66.9,67.0,61.0,0,0,18,0,20.0,96.2,5.9,1,1,0,0,1,1,5.6,79,5.3
Malik Watson,16953,QB,S JOSE ST,2,66.7,12,14,4.4,2.37,0,0,0.0,57.1,8,0,5,0.0,15,0,3,285,66.5,61.6,63.9,57.0,2,1,16,0,0.0,36.9,0.0,0,1,0,0,0,0,0.0,57,4.1
Jalan McClendon,46423,QB,NC STATE,3,81.8,11,14,4.5,3.24,0,0,0.0,57.1,8,0,6,11.1,18,1,7,248,23.8,52.5,60.7,49.9,0,0,18,1,16.7,70.2,5.6,1,3,0,3,0,0,0.0,69,4.9
Taylor Alie,12829,QB,OREGON,3,50.0,12,14,13.4,3.35,1,1,7.1,42.9,6,0,2,0.0,15,0,3,264,73.3,59.6,43.9,69.9,0,0,17,0,50.0,90.2,6.7,1,0,0,1,1,1,6.3,96,6.9
Nick Fitzgerald,46497,QB,MISS STATE,4,84.6,13,14,15.9,3.58,0,3,21.4,78.6,11,0,6,0.0,18,0,6,227,41.7,88.2,93.2,65.4,0,0,18,0,0.0,158.3,0.0,0,4,0,1,3,0,0.0,234,16.7
Trace McSorley,32819,QB,PENN STATE,4,63.6,11,13,5.5,2.79,0,0,0.0,46.2,6,0,2,14.3,13,1,3,266,70.5,50.9,46.9,63.0,0,0,13,1,0.0,54.3,0.0,0,0,0,2,0,0,0.0,43,3.3
Adam Schulz,38551,QB,HOUSTON,2,66.7,12,13,5.5,2.23,0,0,0.0,53.8,7,0,0,12.5,14,1,4,182,68.0,56.2,54.7,59.7,0,0,14,0,,88.3,0.0,0,1,0,1,0,0,0.0,129,9.9
Brayle Brown,16644,QB,LA MONROE,4,62.5,8,12,7.8,2.81,1,0,0.0,25.0,3,0,7,40.0,15,2,2,209,72.9,47.1,38.6,59.4,0,0,17,0,28.6,39.6,13.3,2,1,0,3,0,1,5.9,26,2.2
J.P. Caruso,27814,QB,APP STATE,4,66.7,12,12,4.8,2.39,0,0,0.0,66.7,8,0,5,0.0,12,0,6,108,75.7,80.5,68.0,74.3,0,0,12,0,0.0,135.1,0.0,0,0,0,0,2,1,8.3,109,9.1
Ryan Buchanan,26731,QB,OLE MISS,3,75.0,12,12,5.2,1.87,0,0,0.0,66.7,8,0,2,11.1,12,1,5,226,67.1,44.1,44.2,57.4,0,1,14,0,0.0,95.8,0.0,0,0,0,0,2,1,7.1,96,8.0
Max Browne,46632,QB,USC,3,72.7,11,12,8.2,2.58,0,0,0.0,66.7,8,0,3,0.0,12,0,5,326,66.8,52.8,50.3,60.0,0,0,12,0,0.0,96.9,0.0,0,0,0,1,0,1,8.3,113,9.4
Tom Flacco,46503,QB,W MICHIGAN,5,81.8,11,11,5.4,2.16,0,0,0.0,81.8,9,0,2,0.0,12,0,5,347,49.1,81.4,57.2,78.0,0,0,12,0,0.0,149.1,0.0,0,1,0,0,1,1,8.3,157,14.3
Russell Bellomy,18591,QB,UTSA,3,50.0,8,10,8.3,2.77,1,0,0.0,40.0,4,0,4,0.0,13,0,3,331,70.5,54.3,58.8,53.9,0,0,13,0,25.0,51.7,7.7,1,2,0,1,0,0,0.0,39,3.9
Brian Williams,47880,WR,LA MONROE,2,66.7,9,10,10.6,3.42,0,1,10.0,50.0,5,0,8,16.7,14,1,3,209,25.7,44.7,54.7,42.2,0,1,14,0,25.0,85.8,14.3,2,2,0,1,3,1,7.1,101,10.1
Dwayne Lawson,35633,QB,VA TECH,3,33.3,9,9,13.2,2.57,0,0,0.0,33.3,3,0,1,0.0,11,0,3,337,41.4,52.9,48.3,58.7,0,0,11,0,0.0,53.5,0.0,0,2,0,0,0,0,0.0,51,5.7
Kelly Bryant,34897,QB,CLEMSON,4,77.8,9,9,1.0,2.14,0,0,0.0,77.8,7,0,2,0.0,11,0,1,140,41.6,59.2,29.7,68.9,0,1,11,0,50.0,39.6,9.1,1,1,0,0,0,1,9.1,27,3.0
Keller Chryst,46472,QB,STANFORD,4,62.5,8,9,10.0,2.46,0,1,11.1,55.6,5,0,4,0.0,10,0,3,300,26.0,82.3,81.4,64.4,1,0,11,0,25.0,112.7,10.0,1,0,0,0,1,0,0.0,59,6.6
Austin Grammer,23315,WR,MIDDLE TN,5,66.7,9,9,3.9,3.13,0,0,0.0,66.7,6,0,3,0.0,12,0,3,224,75.8,55.2,39.0,54.4,0,1,13,0,0.0,75.9,0.0,0,3,0,0,1,1,7.7,45,5.0
Matthew Jordan,46476,HB,GA TECH,3,71.4,7,9,21.1,3.66,0,0,0.0,55.6,5,0,7,0.0,13,0,5,176,16.1,59.2,72.0,54.4,0,1,13,0,28.6,89.4,15.4,2,2,0,2,1,1,7.7,94,10.4
Emiere Scaife,46446,QB,GA STATE,3,0.0,6,8,15.5,3.42,1,0,0.0,0.0,0,0,5,,10,0,1,175,68.5,52.6,39.6,68.4,0,0,11,0,0.0,39.6,0.0,0,2,0,1,0,0,0.0,0,0.0
Connor Brewer,21714,QB,VIRGINIA,1,57.1,7,8,5.3,3.39,1,0,0.0,50.0,4,0,2,0.0,10,0,3,335,65.4,73.9,77.7,57.3,0,1,10,0,50.0,21.9,10.0,1,1,0,0,0,0,0.0,34,4.3
Nick Patti,46582,WR,UCF,5,50.0,8,8,3.1,2.03,0,0,0.0,50.0,4,1,1,0.0,9,0,1,323,78.8,49.1,48.6,60.5,0,0,9,2,0.0,56.8,0.0,0,1,0,0,0,0,0.0,25,3.1
Austin Wilson,38034,QB,SYRACUSE,2,50.0,8,8,9.9,2.58,0,1,12.5,50.0,4,0,2,0.0,9,0,3,304,67.4,66.1,64.4,60.1,0,1,9,0,50.0,69.3,11.1,1,0,0,0,1,1,11.1,49,6.1
Nelson Fishback,17115,QB,W KENTUCKY,4,100.0,8,8,4.0,1.96,0,0,0.0,87.5,7,0,1,12.5,8,1,4,346,67.2,88.7,90.7,60.1,0,0,8,0,0.0,103.1,0.0,0,0,0,0,0,0,0.0,70,8.8
Damion Terry,27206,WR,MICH STATE,3,28.6,7,7,17.9,3.33,0,0,0.0,28.6,2,0,3,0.0,8,0,1,223,41.0,40.2,29.9,53.0,0,0,8,0,33.3,39.6,12.5,1,0,0,0,0,1,12.5,15,2.1
Tyler Matthews,25488,QB,SO MISS,2,83.3,6,7,17.0,2.51,0,2,22.2,71.4,5,0,3,0.0,8,0,4,296,71.6,83.6,90.3,61.6,0,0,10,0,33.3,153.3,12.5,1,0,0,1,1,0,0.0,112,16.0
Michael Julian,30757,QB,TOLEDO,2,71.4,7,7,9.6,2.39,0,1,14.3,71.4,5,0,0,0.0,7,0,4,316,71.0,90.2,90.1,70.3,0,0,7,0,,143.5,0.0,0,0,0,0,1,0,0.0,71,10.1
Wade Freebeck,46432,QB,VANDERBILT,1,40.0,5,6,10.4,2.4,1,0,0.0,33.3,2,0,1,0.0,6,0,1,333,64.2,37.8,36.9,,0,1,6,0,0.0,7.6,0.0,0,0,0,0,0,2,33.3,25,4.2
Keaton Perry,26825,QB,KANSAS,1,75.0,4,6,9.3,2.65,0,0,0.0,33.3,2,0,2,33.3,6,1,1,198,17.1,28.6,40.1,46.7,0,1,6,1,0.0,43.8,0.0,0,0,0,2,1,1,16.7,20,3.3
J.J. Cosentino,28282,QB,FLORIDA ST,2,83.3,6,6,4.2,1.92,0,0,0.0,66.7,4,0,0,20.0,6,1,1,167,64.6,72.8,72.3,,0,0,7,0,,72.9,0.0,0,0,0,0,0,0,0.0,22,3.7
Josh Allen,46601,QB,WYOMING,2,80.0,5,6,7.6,2.86,1,0,0.0,66.7,4,0,1,0.0,8,0,5,351,66.3,65.5,59.9,65.9,0,0,9,0,0.0,87.5,0.0,0,2,0,0,0,0,0.0,43,7.2
Tony Daniel,18036,QB,BUFFALO,2,60.0,5,5,10.2,2.3,0,0,0.0,60.0,3,0,1,0.0,5,0,1,126,66.8,41.5,39.2,56.4,0,1,5,0,0.0,33.3,0.0,0,0,0,0,0,1,20.0,25,5.0
Brandon Wimbush,35595,QB,NOTRE DAME,1,80.0,5,5,15.0,2.1,0,1,16.7,60.0,3,0,0,25.0,5,1,0,258,16.1,86.4,83.2,70.6,0,0,6,0,,66.3,0.0,0,0,0,0,0,0,0.0,17,3.4
Taylor Cornelius,46535,QB,OKLA STATE,2,60.0,5,5,3.2,3.14,0,0,0.0,40.0,2,0,5,33.3,9,1,2,262,65.4,53.2,38.4,70.5,0,0,10,0,40.0,47.9,22.2,2,2,0,0,0,0,0.0,8,1.6
Damion Hobbs,46427,QB,UTAH ST,3,80.0,5,5,13.8,2.7,0,1,20.0,80.0,4,0,1,0.0,5,0,3,329,37.0,83.3,91.9,66.9,0,0,5,0,0.0,158.3,0.0,0,0,0,0,1,0,0.0,73,14.6
Pharoh Cooper,10751,WR,S CAROLINA,5,40.0,5,5,18.0,4.31,0,0,0.0,40.0,2,0,2,0.0,8,0,3,289,61.9,76.7,42.7,54.2,0,0,8,3,50.0,87.5,12.5,1,2,0,0,1,1,12.5,11,2.2
Elijah Staley,29280,QB,MISS STATE,2,60.0,5,5,11.0,2.02,0,1,20.0,60.0,3,0,0,0.0,5,0,2,227,67.9,75.2,70.1,66.8,0,0,5,0,,134.2,0.0,0,0,0,0,1,0,0.0,51,10.2
Kelvin White,20028,TE,ARMY,3,33.3,3,4,40.0,4.03,0,1,20.0,25.0,1,0,3,0.0,6,0,2,114,66.1,74.4,70.3,71.1,0,0,7,3,0.0,54.2,0.0,0,2,1,0,0,0,0.0,26,6.5
Tyler Wiegers,35825,QB,IOWA,3,75.0,4,4,2.3,2.52,0,0,0.0,75.0,3,0,3,0.0,5,0,2,192,63.8,59.8,56.7,,0,0,5,0,33.3,97.9,20.0,1,0,0,0,0,0,0.0,32,8.0
Cameron Birse,45341,QB,ARK STATE,2,100.0,4,4,1.0,1.78,0,0,0.0,100.0,4,0,0,0.0,4,0,3,113,63.8,72.0,71.4,,0,0,5,0,,105.2,0.0,0,0,0,0,0,0,0.0,37,9.3
Tres Houston,17604,WR,ARK STATE,3,50.0,2,3,17.5,4.53,0,0,0.0,33.3,1,1,1,0.0,3,0,1,113,72.2,72.0,45.6,,0,0,3,7,0.0,63.2,0.0,0,0,0,1,0,0,0.0,24,8.0
Frank Nutile,26476,QB,TEMPLE,1,100.0,3,3,6.0,2.23,0,0,0.0,100.0,3,0,2,0.0,3,0,2,306,68.8,64.2,74.1,58.5,0,0,4,1,0.0,158.3,0.0,0,0,0,0,1,0,0.0,40,13.3
Price Wilson,28774,QB,LA TECH,1,33.3,3,3,16.7,3.28,0,0,0.0,33.3,1,0,2,0.0,4,0,1,208,63.3,59.3,51.0,64.2,0,0,4,0,0.0,71.5,0.0,0,1,0,0,0,0,0.0,30,10.0
Hunter Fralick,29510,QB,NEVADA,1,0.0,3,3,18.0,2.57,0,0,0.0,0.0,0,0,1,,3,0,0,239,62.7,41.7,40.8,,0,0,3,0,0.0,39.6,0.0,0,0,0,0,0,0,0.0,0,0.0
Luke Turner,19141,HB,RICE,3,66.7,3,3,6.7,1.87,0,0,0.0,66.7,2,0,0,0.0,3,0,1,275,79.1,64.3,61.3,64.1,0,0,3,0,,113.9,0.0,0,0,0,0,1,0,0.0,12,4.0
Luke Wright,31682,QB,CINCINNATI,2,33.3,3,3,1.3,3.05,0,0,0.0,33.3,1,0,1,0.0,4,0,1,138,66.6,46.8,34.6,64.2,0,0,4,0,100.0,52.1,25.0,1,0,0,0,0,0,0.0,16,5.3
Koy Detmer Jr.,33482,QB,BYU,1,100.0,3,3,5.3,1.87,0,0,0.0,100.0,3,0,1,0.0,3,0,1,128,64.8,69.8,73.9,58.2,0,0,3,0,0.0,118.8,0.0,0,0,0,0,0,0,0.0,57,19.0
Matt Alviti,44954,QB,NWESTERN,1,100.0,2,3,9.5,4.1,0,0,0.0,33.3,1,0,3,50.0,6,1,1,256,64.2,57.1,67.0,51.8,0,0,6,0,33.3,46.5,16.7,1,2,0,1,0,0,0.0,12,4.0
Ryan Burbrink,17092,WR,BOWL GREEN,2,50.0,2,3,8.5,3.13,0,0,0.0,33.3,1,0,1,0.0,3,0,1,122,49.2,64.9,49.8,63.4,0,0,3,3,0.0,52.1,0.0,0,0,0,1,0,0,0.0,16,5.3
Gunnar Holcombe,46409,QB,MARSHALL,1,33.3,3,3,19.0,2.23,0,0,0.0,33.3,1,0,0,0.0,3,0,0,214,15.8,27.2,27.9,50.0,0,1,3,0,,2.8,0.0,0,0,0,0,0,1,33.3,9,3.0
Tago Smith,46514,QB,NAVY,3,66.7,3,3,17.3,3.33,0,0,0.0,66.7,2,0,1,0.0,6,0,2,237,78.2,55.0,40.3,59.6,0,1,7,2,0.0,99.3,0.0,0,3,0,0,1,2,28.6,30,10.0
Austin Allen,46542,QB,ARKANSAS,2,33.3,3,3,20.3,3.23,0,0,0.0,33.3,1,0,0,0.0,3,0,1,111,64.8,65.7,64.2,60.0,0,0,3,0,,118.1,0.0,0,0,0,0,1,0,0.0,35,11.7
Tyler Boyd,10689,WR,PITTSBURGH,3,66.7,3,3,21.3,3.3,0,1,33.3,66.7,2,0,3,0.0,3,0,2,268,67.2,88.5,83.9,60.1,0,0,3,3,0.0,109.7,0.0,0,0,0,0,0,0,0.0,67,22.3
Mike Fafaul,23735,QB,UCLA,1,100.0,2,2,8.5,2.0,0,0,0.0,100.0,2,0,0,0.0,2,0,1,324,61.8,76.2,75.5,,0,0,2,0,,110.4,0.0,0,0,0,0,0,0,0.0,21,10.5
Terrel Hunt,17224,QB,SYRACUSE,1,0.0,2,2,14.0,3.7,0,0,0.0,0.0,0,0,0,,3,0,0,304,62.7,39.8,52.8,57.0,0,1,3,1,,0.0,0.0,0,1,0,0,0,0,0.0,0,0.0
Thomas Sperbeck,47487,WR,BOISE ST,4,100.0,1,2,4.0,5.45,0,0,0.0,50.0,1,0,1,0.0,4,0,2,120,58.5,82.6,69.3,68.7,0,0,4,1,0.0,95.8,0.0,0,2,0,1,1,0,0.0,4,2.0
Garrett Krstich,37876,QB,SMU,1,50.0,2,2,9.0,2.55,0,0,0.0,50.0,1,0,1,0.0,2,0,0,287,67.6,33.9,28.0,60.9,0,1,2,0,0.0,16.7,0.0,0,0,0,0,0,1,50.0,0,0.0
Shaq Vann,28243,HB,E MICHIGAN,3,100.0,2,2,-4.0,1.0,0,0,0.0,100.0,2,0,0,0.0,2,0,0,160,87.0,72.5,60.5,63.8,0,0,3,0,,79.2,0.0,0,0,0,0,0,0,0.0,-4,-2.0
Jauan Jennings,48027,WR,TENNESSEE,2,50.0,2,2,17.0,3.45,0,0,0.0,50.0,1,1,1,0.0,2,0,1,307,72.7,57.4,51.4,55.3,0,0,2,3,0.0,135.4,0.0,0,0,0,0,1,0,0.0,58,29.0
Ryan Switzer,11888,WR,N CAROLINA,2,100.0,1,2,11.0,4.15,0,0,0.0,50.0,1,0,2,0.0,2,0,1,245,48.3,70.5,70.1,58.5,0,0,2,1,0.0,66.7,0.0,0,0,0,1,0,0,0.0,11,5.5
John Christopher,16629,WR,TEMPLE,3,100.0,1,2,12.0,4.05,0,0,0.0,50.0,1,0,0,0.0,2,0,1,306,70.4,68.7,81.2,,0,0,3,0,,95.8,0.0,0,0,0,1,0,0,0.0,25,12.5
Garrett Anderson,26080,HB,UCONN,2,100.0,2,2,24.0,2.4,0,0,0.0,100.0,2,0,2,0.0,3,0,1,146,66.9,65.3,72.6,68.3,0,0,3,1,50.0,158.3,33.3,1,0,0,0,1,0,0.0,53,26.5
Nate German,48095,WR,RICE,2,100.0,1,2,0.0,2.43,0,0,0.0,50.0,1,0,2,0.0,3,0,2,275,28.4,63.2,58.9,48.6,0,0,3,0,0.0,66.7,0.0,0,1,0,1,0,0,0.0,11,5.5
KaVontae Turpin,47658,WR,TCU,2,50.0,2,2,23.0,3.75,0,0,0.0,50.0,1,0,0,0.0,2,0,1,305,51.7,71.2,69.8,63.6,0,0,2,0,,81.3,0.0,0,0,0,0,0,0,0.0,18,9.0
Nic Shimonek,46594,QB,TEXAS TECH,1,50.0,2,2,8.0,2.15,0,0,0.0,50.0,1,0,0,0.0,2,0,1,315,61.8,58.7,57.9,,0,0,2,0,,81.3,0.0,0,0,0,0,0,0,0.0,18,9.0
Nelson Spruce,11199,WR,COLORADO,2,50.0,2,2,2.5,5.55,0,0,0.0,50.0,1,0,2,0.0,2,0,1,143,76.5,82.3,58.7,,0,0,3,2,0.0,68.8,0.0,0,0,0,0,0,0,0.0,12,6.0
Nick Scott,49012,HB,PENN STATE,3,100.0,2,2,17.0,3.9,0,1,50.0,100.0,2,0,2,0.0,3,0,2,266,78.5,68.5,88.3,65.6,0,0,3,1,0.0,158.3,0.0,0,1,0,0,1,0,0.0,46,23.0
Chad President,28862,QB,TULSA,3,,0,2,,2.7,1,0,0.0,0.0,0,0,2,,2,0,0,320,31.2,46.0,27.6,60.2,0,0,3,0,0.0,39.6,0.0,0,0,0,1,0,1,50.0,0,0.0
Josh Grady,16418,WR,FLORIDA,2,100.0,2,2,-3.5,1.05,0,0,0.0,100.0,2,0,0,0.0,2,0,1,163,66.8,80.9,62.7,71.6,0,0,2,0,,87.5,0.0,0,0,0,0,0,0,0.0,10,5.0
Glenn Gronkowski,10966,FB,KANSAS ST,2,0.0,1,2,15.0,4.45,0,0,0.0,0.0,0,0,1,,2,0,0,199,73.3,84.8,52.4,64.7,0,0,2,2,0.0,39.6,0.0,0,0,0,1,0,0,0.0,0,0.0
Tim Byerly,17313,QB,GA TECH,1,100.0,1,1,7.0,2.4,0,0,0.0,100.0,1,0,0,0.0,2,0,2,176,70.5,68.0,60.4,64.7,0,0,2,0,,118.8,0.0,0,1,0,0,0,0,0.0,23,23.0
Chris Carson,12004,HB,OKLA STATE,1,100.0,1,1,-9.0,2.9,0,0,0.0,100.0,1,0,1,0.0,1,0,1,262,88.8,67.3,61.0,72.6,0,0,1,0,0.0,95.8,0.0,0,0,0,0,0,0,0.0,7,7.0
Jalen Rowell,38948,WR,AIR FORCE,1,100.0,1,1,26.0,4.8,0,1,100.0,100.0,1,0,0,0.0,1,0,1,101,28.8,73.7,88.1,57.4,0,0,1,2,,158.3,0.0,0,0,0,0,1,0,0.0,20,20.0
Isaiah Ford,11991,WR,VA TECH,1,100.0,1,1,9.0,4.4,0,0,0.0,100.0,1,1,1,0.0,1,0,1,337,53.7,79.8,71.7,64.5,0,0,1,2,0.0,118.8,0.0,0,0,0,0,0,0,0.0,14,14.0
Makoa Camanse-Stevens,38581,WR,HAWAII,1,0.0,1,1,7.0,3.7,0,0,0.0,0.0,0,0,0,,1,0,0,180,68.8,62.5,53.3,,0,0,1,0,,39.6,0.0,0,0,0,0,0,0,0.0,0,0.0
D.J. Vinson,17526,WR,S ALABAMA,1,100.0,1,1,0.0,0.8,0,0,0.0,100.0,1,0,0,0.0,1,0,0,288,72.1,56.6,60.6,58.6,0,0,1,2,,95.8,0.0,0,0,0,0,0,0,0.0,7,7.0
Sam Rogers,11961,FB,VA TECH,1,100.0,1,1,6.0,3.6,0,0,0.0,100.0,1,1,0,0.0,1,0,1,337,63.2,64.3,60.9,65.7,0,0,1,1,,118.8,0.0,0,0,0,0,0,0,0.0,13,13.0
Elijah McGuire,11943,HB,LA LAFAYET,2,0.0,1,1,33.0,3.0,0,0,0.0,0.0,0,0,1,,1,0,0,207,91.3,73.6,49.5,70.3,0,0,2,0,0.0,39.6,0.0,0,0,0,0,0,0,0.0,0,0.0
Martez Walker,37976,HB,C MICHIGAN,1,0.0,1,1,-6.0,2.4,0,0,0.0,0.0,0,0,0,,1,0,0,134,75.4,60.5,60.6,59.2,0,0,1,3,,39.6,0.0,0,0,0,0,0,0,0.0,0,0.0
T.J. Millweard,24446,QB,KANSAS,1,0.0,1,1,25.0,1.9,0,0,0.0,0.0,0,0,0,,1,0,0,198,60.3,39.2,37.9,,0,1,1,0,,0.0,0.0,0,0,0,0,0,1,100.0,0,0.0
Trent Taylor,11932,WR,LA TECH,1,0.0,1,1,15.0,2.9,0,0,0.0,0.0,0,0,1,,1,0,0,208,38.5,86.7,46.8,,0,0,1,1,0.0,39.6,0.0,0,0,0,0,0,0,0.0,0,0.0
Alvonta Jenkins,37885,WR,MIAMI OH,1,0.0,1,1,34.0,3.0,0,0,0.0,0.0,0,0,1,,1,0,0,221,64.6,58.8,49.9,,0,0,1,0,0.0,39.6,0.0,0,0,0,0,0,0,0.0,0,0.0
Nolan Genovese,18618,QB,MIDDLE TN,1,100.0,1,1,-5.0,0.6,0,0,0.0,100.0,1,0,0,0.0,1,0,0,224,60.3,61.3,60.6,,0,0,1,0,,79.2,0.0,0,0,0,0,0,0,0.0,2,2.0
Aaron Banks,34759,QB,PURDUE,1,100.0,1,1,4.0,2.0,0,0,0.0,100.0,1,0,0,0.0,1,0,0,273,60.3,61.1,61.0,,0,0,1,0,,83.3,0.0,0,0,0,0,0,0,0.0,4,4.0
Kareem Coles Jr.,34245,QB,IDAHO,1,0.0,1,1,23.0,3.2,0,0,0.0,0.0,0,0,1,,1,0,0,185,64.6,53.9,37.5,,0,0,1,0,0.0,39.6,0.0,0,0,0,0,0,1,100.0,0,0.0
Gerald Everett,11799,TE,S ALABAMA,1,100.0,1,1,12.0,3.0,0,0,0.0,100.0,1,1,1,0.0,1,0,1,288,75.3,84.6,74.3,69.9,0,0,1,2,0.0,135.4,0.0,0,0,0,0,1,0,0.0,7,7.0
Chase Hansen,51448,S,UTAH,1,0.0,1,1,33.0,3.1,0,0,0.0,0.0,0,0,1,,1,0,0,328,71.2,67.4,49.9,68.5,0,0,1,0,0.0,39.6,0.0,0,0,0,0,0,0,0.0,0,0.0
Zay Jones,11792,WR,E CAROLINA,2,100.0,1,1,28.0,4.65,0,0,0.0,100.0,1,0,2,0.0,2,0,1,156,76.9,88.4,73.8,,0,0,2,2,50.0,118.8,50.0,1,0,0,0,0,0,0.0,34,34.0
Jabrill Peppers,11780,CB,MICHIGAN,2,,0,1,,4.4,0,0,0.0,0.0,0,0,2,,2,0,0,222,75.6,81.8,47.8,72.7,0,0,2,5,50.0,39.6,50.0,1,0,0,1,0,0,0.0,0,0.0
David Anaya,18878,HB,NEW MEXICO,1,0.0,1,1,16.0,3.1,0,0,0.0,0.0,0,0,1,,1,0,0,241,75.8,75.1,56.6,66.9,0,0,1,0,0.0,39.6,0.0,0,0,0,0,0,0,0.0,0,0.0
Luke Langdon,33213,QB,ARMY,2,0.0,1,1,22.0,3.6,0,0,0.0,0.0,0,0,0,,1,0,0,114,61.8,49.5,49.3,,0,0,2,0,,39.6,0.0,0,0,0,0,0,0,0.0,0,0.0
Brendan Cope,29727,WR,OHIO,1,0.0,1,1,8.0,3.6,0,0,0.0,0.0,0,1,0,,1,0,0,259,71.6,61.0,52.8,,0,0,1,1,,39.6,0.0,0,0,0,0,0,0,0.0,0,0.0
Deontae Cooper,19676,HB,WASHINGTON,1,100.0,1,1,-5.0,2.7,0,0,0.0,100.0,1,0,1,0.0,1,0,0,340,75.1,65.3,60.4,71.8,0,0,1,0,0.0,83.3,0.0,0,0,0,0,0,0,0.0,4,4.0
Christian McCaffrey,11763,HB,STANFORD,2,0.0,1,1,3.0,3.1,0,0,0.0,0.0,0,0,0,,1,0,0,300,86.8,89.6,47.0,82.7,0,0,2,0,,39.6,0.0,0,0,0,0,0,0,0.0,0,0.0
Corey Davis,11760,WR,W MICHIGAN,1,100.0,1,1,-2.0,3.4,0,0,0.0,100.0,1,1,0,0.0,1,0,1,347,58.1,90.6,60.4,60.0,0,0,1,2,,118.8,0.0,0,0,0,0,0,0,0.0,22,22.0
Zach Davidson,28628,QB,KANSAS ST,1,100.0,1,1,4.0,2.2,0,0,0.0,0.0,0,0,0,100.0,1,1,0,199,63.7,62.4,61.0,60.0,0,0,1,0,,39.6,0.0,0,0,0,0,0,0,0.0,0,0.0
K.J. Brent,11349,WR,WAKE,1,100.0,1,1,19.0,5.1,0,0,0.0,100.0,1,1,0,0.0,1,0,1,339,73.1,64.8,54.8,,0,0,1,1,,118.8,0.0,0,0,0,0,0,0,0.0,19,19.0
Alec Morris,46578,QB,ALABAMA,1,100.0,1,1,-4.0,0.5,0,0,0.0,100.0,1,0,0,0.0,1,0,0,103,60.3,62.4,60.4,,0,0,1,0,,91.7,0.0,0,0,0,0,0,0,0.0,6,6.0
K.J. Maye,11248,WR,MINNESOTA,1,100.0,1,1,7.0,3.6,0,0,0.0,100.0,1,0,0,0.0,1,0,1,225,56.5,71.3,77.2,61.2,0,0,1,1,,118.8,0.0,0,0,0,0,0,0,0.0,16,16.0
Chris Merchant,28180,QB,BUFFALO,1,,0,1,,1.7,1,0,0.0,0.0,0,0,1,,1,0,0,126,60.3,58.9,60.0,,0,0,1,0,0.0,39.6,0.0,0,0,0,0,0,0,0.0,0,0.0
Johnny Jefferson,28170,HB,BAYLOR,1,0.0,1,1,42.0,2.8,0,0,0.0,0.0,0,0,0,,1,0,0,118,62.4,74.6,39.1,73.5,0,0,1,0,,39.6,0.0,0,0,0,0,0,1,100.0,0,0.0
Quinshad Davis,11131,WR,N CAROLINA,1,100.0,1,1,26.0,4.2,0,0,0.0,100.0,1,0,0,0.0,1,0,1,245,73.4,79.0,76.2,,0,0,1,3,,158.3,0.0,0,0,0,0,1,0,0.0,37,37.0
Tra Carson,11104,HB,TEXAS A&M,1,100.0,1,1,-4.0,3.4,0,0,0.0,100.0,1,0,0,0.0,1,0,1,312,86.7,76.2,60.6,74.3,0,0,1,0,,118.8,0.0,0,0,0,0,0,0,0.0,28,28.0
Damon Mitchell,27911,WR,ARKANSAS,1,100.0,1,1,-6.0,3.4,0,0,0.0,100.0,1,0,0,0.0,1,0,1,111,70.1,77.9,66.4,62.6,0,0,1,0,,112.5,0.0,0,0,0,0,0,0,0.0,11,11.0
Cayleb Jones,11075,WR,ARIZONA,1,100.0,1,1,26.0,5.4,0,1,100.0,100.0,1,0,1,0.0,1,0,1,109,74.0,70.2,88.1,,0,0,1,2,0.0,118.8,0.0,0,0,0,0,0,0,0.0,25,25.0
Drew Eckels,27245,QB,W KENTUCKY,1,100.0,1,1,3.0,2.4,0,0,0.0,100.0,1,0,2,0.0,2,0,0,346,64.4,54.8,58.9,58.0,0,0,2,0,50.0,108.3,50.0,1,0,0,0,0,0,0.0,10,10.0
Bralon Addison,11013,WR,OREGON,3,,0,1,,5.4,0,0,0.0,0.0,0,0,2,,3,0,1,264,38.0,82.7,27.2,72.3,0,0,5,3,50.0,39.6,33.3,1,1,0,1,0,1,20.0,0,0.0
Darion Griswold,10908,TE,ARK STATE,1,0.0,1,1,6.0,4.2,0,0,0.0,0.0,0,0,1,,1,0,0,113,69.5,78.9,45.8,63.2,0,0,1,3,0.0,39.6,0.0,0,0,0,0,0,0,0.0,0,0.0
Devin Lucien,10859,WR,ARIZONA ST,1,100.0,1,1,17.0,2.8,0,0,0.0,0.0,0,0,1,100.0,1,1,0,110,48.9,80.4,73.1,,0,0,1,1,0.0,39.6,0.0,0,0,0,0,0,0,0.0,0,0.0
Lloyd Mills,22079,WR,S DIEGO ST,1,100.0,1,1,2.0,3.5,0,1,100.0,100.0,1,1,1,0.0,1,0,1,284,62.4,70.4,74.7,,0,0,1,1,0.0,135.4,0.0,0,0,0,0,1,0,0.0,7,7.0
Manny Wilkins,46604,QB,ARIZONA ST,2,100.0,1,1,-2.0,3.85,0,0,0.0,100.0,1,0,2,0.0,2,0,0,110,68.7,72.2,60.4,67.0,0,0,2,1,0.0,100.0,0.0,0,1,0,0,0,0,0.0,8,8.0
Kaylon Watson,26429,HB,LA MONROE,1,,0,1,,1.5,0,0,0.0,0.0,0,0,1,,1,0,0,209,47.2,54.2,60.0,55.0,1,0,1,0,0.0,39.6,0.0,0,0,0,0,0,0,0.0,0,0.0
Demarcus Robinson,10760,WR,FLORIDA,1,0.0,1,1,12.0,3.6,0,0,0.0,0.0,0,0,0,,1,0,0,163,45.4,72.0,46.8,59.5,0,0,1,0,,39.6,0.0,0,0,0,0,0,0,0.0,0,0.0
Jonathan Giles,47416,WR,TEXAS TECH,1,100.0,1,1,-4.0,4.0,0,0,0.0,100.0,1,0,0,0.0,1,0,0,315,69.3,66.6,60.4,,0,0,1,0,,79.2,0.0,0,0,0,0,0,0,0.0,3,3.0
Eugene Lewis,47434,WR,PENN STATE,1,100.0,1,1,27.0,4.5,0,1,100.0,100.0,1,0,1,0.0,1,0,1,266,69.1,56.5,92.6,,0,0,1,0,0.0,158.3,0.0,0,0,0,0,1,0,0.0,32,32.0
Ian Sadler,47435,WR,TEXAS TECH,1,0.0,1,1,13.0,4.5,0,0,0.0,0.0,0,0,1,,1,0,0,315,39.3,67.6,54.8,,0,0,1,2,0.0,39.6,0.0,0,0,0,0,0,0,0.0,0,0.0
Zach Wright,47483,WR,RICE,1,0.0,1,1,5.0,3.6,0,0,0.0,0.0,0,0,0,,1,0,0,275,73.0,66.1,57.7,,0,0,1,1,,39.6,0.0,0,0,0,0,0,0,0.0,0,0.0
Emanuel Byrd,25432,TE,MARSHALL,1,,0,1,,2.9,1,0,0.0,0.0,0,0,0,,1,0,0,214,69.7,59.8,60.0,,0,0,1,2,,39.6,0.0,0,0,0,0,0,0,0.0,0,0.0
Tim Crawley,47574,WR,S JOSE ST,1,0.0,1,1,18.0,3.1,0,0,0.0,0.0,0,0,0,,1,0,0,285,74.2,67.4,54.8,60.3,0,0,1,1,,39.6,0.0,0,0,0,0,0,0,0.0,0,0.0
Jesse Kroll,25334,WR,C MICHIGAN,1,0.0,1,1,9.0,2.0,0,0,0.0,0.0,0,0,1,,1,0,0,134,49.9,77.3,53.9,,0,0,1,1,0.0,39.6,0.0,0,0,0,0,0,0,0.0,0,0.0
Dan Monteroso,23644,WR,PURDUE,2,,0,1,,4.9,0,0,0.0,0.0,0,0,1,,2,0,0,273,64.2,71.1,60.0,57.3,0,0,2,0,0.0,39.6,0.0,0,1,0,1,0,0,0.0,0,0.0
Bilal Marshall,47641,WR,PURDUE,2,100.0,1,1,-3.0,4.4,0,0,0.0,100.0,1,0,1,0.0,2,0,0,273,67.0,61.8,58.9,,0,0,2,0,100.0,104.2,50.0,1,0,0,0,0,0,0.0,9,9.0
Austin Hays,47659,WR,OKLA STATE,2,100.0,1,1,17.0,2.9,0,0,0.0,100.0,1,0,1,0.0,1,0,1,262,27.9,61.4,41.4,,0,0,2,0,0.0,158.3,0.0,0,0,0,0,1,1,50.0,19,19.0
Ajalen Holley,47699,WR,LA MONROE,1,0.0,1,1,11.0,3.6,0,0,0.0,0.0,0,1,0,,1,0,0,209,51.2,67.5,46.8,60.0,0,0,1,1,,39.6,0.0,0,0,0,0,0,0,0.0,0,0.0
Teldrick Morgan,47726,WR,NEW MEX ST,1,0.0,1,1,47.0,4.8,0,0,0.0,0.0,0,0,1,,1,0,0,242,74.3,60.3,37.0,51.3,0,1,1,2,0.0,0.0,0.0,0,0,0,0,0,1,100.0,0,0.0
Braxton Miller,10719,WR,OHIO STATE,1,100.0,1,1,-4.0,1.0,0,0,0.0,100.0,1,0,0,0.0,1,0,0,260,26.5,69.9,60.4,60.9,0,0,1,1,,79.2,0.0,0,0,0,0,0,0,0.0,3,3.0
Gabe Myles,47881,WR,MISS STATE,1,0.0,1,1,17.0,3.9,0,0,0.0,0.0,0,0,0,,1,0,0,227,72.6,61.2,56.6,60.5,0,0,1,0,,39.6,0.0,0,0,0,0,0,0,0.0,0,0.0
Jerico Richardson,47944,WR,NEVADA,1,0.0,1,1,3.0,3.8,0,0,0.0,0.0,0,0,0,,1,0,0,239,75.2,74.5,60.6,59.6,0,0,1,1,,39.6,0.0,0,0,0,0,0,0,0.0,0,0.0
Desmond Cain,47979,WR,ILLINOIS,1,0.0,1,1,19.0,4.4,0,0,0.0,0.0,0,0,0,,1,0,0,187,74.5,66.0,54.8,64.5,0,0,1,0,,39.6,0.0,0,0,0,0,0,0,0.0,0,0.0
Andrew Scanlan,48025,WR,NWESTERN,1,100.0,1,1,16.0,3.9,0,1,100.0,0.0,0,0,1,100.0,1,1,0,256,60.3,61.4,84.1,,0,0,1,0,0.0,39.6,0.0,0,0,0,0,0,0,0.0,0,0.0
Joe Walker,24470,HB,ARMY,1,100.0,1,1,12.0,3.2,0,0,0.0,100.0,1,0,1,0.0,1,0,1,114,78.4,63.7,75.4,64.2,0,0,1,1,0.0,118.8,0.0,0,0,0,0,0,0,0.0,25,25.0
Laquon Treadwell,10657,WR,OLE MISS,2,100.0,1,1,14.0,7.6,0,0,0.0,100.0,1,1,2,0.0,2,0,1,226,54.9,82.9,70.1,,0,0,2,7,50.0,118.8,50.0,1,0,0,0,0,0,0.0,21,21.0
Jason Smith,48071,WR,AUBURN,1,,0,1,,4.3,0,0,0.0,0.0,0,0,1,,1,0,0,115,72.3,61.8,60.0,63.2,0,0,1,0,0.0,39.6,0.0,0,0,0,1,0,0,0.0,0,0.0
Nacarius Fant,48276,WR,W KENTUCKY,1,100.0,1,1,7.0,2.5,0,0,0.0,100.0,1,0,0,0.0,1,0,1,346,69.5,74.4,74.4,59.5,0,0,1,1,,135.4,0.0,0,0,0,0,1,0,0.0,7,7.0
Steven Sims,48341,WR,KANSAS,1,100.0,1,1,24.0,4.1,0,0,0.0,0.0,0,0,1,100.0,1,1,0,198,72.5,62.8,76.2,59.5,0,0,1,0,0.0,39.6,0.0,0,0,0,0,0,0,0.0,0,0.0
Brad Stewart,48348,WR,GA TECH,1,0.0,1,1,21.0,4.0,0,0,0.0,0.0,0,0,1,,1,0,0,176,67.9,59.4,27.6,57.7,0,1,1,1,0.0,0.0,0.0,0,0,0,0,0,1,100.0,0,0.0
Cody Thomas,12913,QB,OKLAHOMA,1,100.0,1,1,-1.0,2.0,0,0,0.0,100.0,1,0,0,0.0,1,0,0,261,60.3,61.5,60.6,,0,0,1,0,,79.2,0.0,0,0,0,0,0,0,0.0,-1,-1.0
Michael Scarnecchia,12599,QB,S CAROLINA,1,100.0,1,1,7.0,2.1,0,0,0.0,100.0,1,0,0,0.0,1,0,0,289,9.1,41.0,60.9,60.0,0,0,1,0,,104.2,0.0,0,0,0,0,0,0,0.0,9,9.0
DeVontae McNeal,16570,HB,LA MONROE,1,0.0,1,1,9.0,2.5,0,0,0.0,0.0,0,0,1,,1,0,0,209,29.9,57.1,52.8,64.0,0,0,1,0,0.0,39.6,0.0,0,0,0,0,0,0,0.0,0,0.0
Mitchell Paige,12337,WR,INDIANA,1,100.0,1,1,12.0,3.5,0,0,0.0,100.0,1,0,0,0.0,1,0,1,190,74.0,69.7,79.6,54.0,0,0,1,0,,118.8,0.0,0,0,0,0,0,0,0.0,16,16.0
Dare Ogunbowale,12329,HB,WISCONSIN,1,,0,1,,0.0,0,0,0.0,0.0,0,1,0,,1,0,0,349,90.7,71.2,60.0,70.1,0,0,1,2,,39.6,0.0,0,0,1,0,0,0,0.0,0,0.0
Anthony Williams,16941,WR,UNLV,1,0.0,1,1,3.0,3.1,0,0,0.0,0.0,0,0,0,,1,0,0,325,68.6,48.0,57.7,,0,0,1,1,,39.6,0.0,0,0,0,0,0,0,0.0,0,0.0
Zach Pascal,12303,WR,DOMINION,1,100.0,1,1,37.0,3.9,0,1,100.0,100.0,1,0,1,0.0,1,0,1,263,58.7,77.8,87.3,71.9,0,0,1,3,0.0,118.8,0.0,0,0,0,0,0,0,0.0,47,47.0
Victor Bolden Jr.,12269,WR,OREGON ST,1,0.0,1,1,4.0,2.9,0,0,0.0,0.0,0,0,1,,1,0,0,265,63.6,61.1,57.7,56.5,0,0,1,1,0.0,39.6,0.0,0,0,0,0,0,0,0.0,0,0.0
Tyrell Clay,45987,HB,UTSA,1,100.0,1,1,28.0,3.9,0,0,0.0,100.0,1,0,1,0.0,1,0,1,331,81.1,57.6,58.4,57.1,0,0,1,1,0.0,118.8,0.0,0,0,0,0,0,0,0.0,31,31.0
Dontae Strickland,45943,HB,SYRACUSE,1,0.0,1,1,30.0,3.7,0,0,0.0,0.0,0,0,1,,1,0,0,304,77.6,60.3,58.0,67.9,0,0,1,1,0.0,39.6,0.0,0,0,0,0,0,0,0.0,0,0.0
Vic Enwere,45746,HB,CAL,1,100.0,1,1,-7.0,2.4,0,0,0.0,100.0,1,0,1,0.0,1,0,1,130,58.7,88.4,61.0,90.1,0,0,1,0,0.0,112.5,0.0,0,0,0,0,0,0,0.0,11,11.0
D'Ernest Johnson,45734,HB,USF,1,100.0,1,1,31.0,3.5,0,0,0.0,100.0,1,0,0,0.0,1,0,1,327,68.5,70.8,58.0,62.4,0,0,1,3,,158.3,0.0,0,0,0,0,1,0,0.0,29,29.0
Tion Green,12185,HB,CINCINNATI,2,100.0,1,1,5.0,1.7,0,0,0.0,100.0,1,1,0,0.0,1,0,1,138,68.5,78.9,51.5,81.0,0,0,2,1,,118.8,0.0,0,0,0,0,1,0,0.0,1,1.0
Kyle Hicks,45714,HB,TCU,1,0.0,1,1,23.0,2.6,0,0,0.0,0.0,0,0,1,,1,0,0,305,82.3,67.7,51.9,82.1,0,0,1,0,0.0,39.6,0.0,0,0,0,0,0,0,0.0,0,0.0
Gehrig Dieter,12163,WR,BOWL GREEN,1,,0,1,,3.5,0,0,0.0,0.0,0,0,1,,1,0,0,122,56.4,73.7,60.0,57.5,1,0,1,2,0.0,39.6,0.0,0,0,0,0,0,0,0.0,0,0.0
Caleb Henderson,39905,,N CAROLINA,1,,0,1,,3.1,1,0,0.0,0.0,0,0,1,,1,0,0,245,19.1,67.4,60.0,65.3,0,0,1,0,0.0,39.6,0.0,0,0,0,0,0,0,0.0,0,0.0
Teddy Ruben,17295,WR,TROY,1,100.0,1,1,-3.0,2.9,0,0,0.0,100.0,1,0,0,0.0,1,0,0,318,75.3,79.9,60.4,63.2,0,0,1,2,,104.2,0.0,0,0,0,0,0,0,0.0,9,9.0
Josh Magee,12030,WR,S ALABAMA,1,0.0,1,1,-6.0,2.7,0,0,0.0,0.0,0,0,0,,1,0,0,288,71.4,64.1,55.3,59.6,0,0,1,2,,39.6,0.0,0,0,0,0,0,0,0.0,0,0.0
Ricky Seals-Jones,12020,WR,TEXAS A&M,1,0.0,1,1,30.0,4.7,0,0,0.0,0.0,0,0,0,,1,0,0,312,73.2,68.1,58.0,,0,0,1,2,,39.6,0.0,0,0,0,0,0,0,0.0,0,0.0
